id,domain,status,purchase_price,renewal_price,attractiveness,demand,length,registrar,created_at,expires_at,status_verified_at
899bf56f-dede-4900-91ca-4f8af96e1ce4,names.clinic,available,11.98,82.98,high,low,5,namecheap,,,25/09/2026 09:32
6a442f02-673f-494d-85c0-81b025c84b1b,punishment.clinic,available,20.99,64.99,high,low,10,namesilo,,,25/09/2026 09:51
af3cb0d8-79e4-446f-a2f5-8c8f27c279c7,redeemable.clinic,available,11.98,82.98,high,low,10,namecheap,,,11/08/2026 20:14
f5085bf0-f6ae-4ef3-9d66-db3f4301663d,unacceptable.clinic,available,19.99,,medium,low,12,name.com,,,
4d23f25f-d323-4781-9275-d982dc329b28,destroying.clinic,available,50.2,50.2,low,low,10,cloudflare,,,27/09/2026 21:23
b30de1bb-5d6c-4294-b8d0-026fb453c754,mutation.clinic,available,11.98,82.98,high,low,8,namecheap,,,03/09/2026 11:41
8bc59d14-28e6-44d8-8b0b-80e1410a57fc,whose.clinic,available,19.99,,high,low,5,name.com,,,
b962a4ff-e95d-42cc-ae74-c08fcb3749e7,secured.clinic,available,19.99,,high,low,7,name.com,,,
889c40c9-8b55-4ba6-9357-b14d88b463fc,labels.clinic,available,20.99,64.99,medium,low,6,namesilo,,,18/09/2026 17:28
02344a4f-eb3a-4897-904f-cd397af29119,kew.clinic,available,50.2,50.2,high,low,3,cloudflare,,,28/09/2026 11:39
18e0bc72-b236-4340-a2d9-ebbb91b49ad8,polysemous.clinic,available,11.98,82.98,medium,low,10,namecheap,,,08/09/2026 23:31
5c0c9ef6-d602-4310-932b-4937389efeaa,cancellous.clinic,available,11.98,82.98,medium,low,10,namecheap,,,11/08/2026 16:31
39ed268a-33d3-46e4-8e34-61503ccdac61,keyes.clinic,available,10.55,51.95,medium,low,5,spaceship,,,28/09/2026 16:42
896b2203-f155-4560-9985-177fd9e156e0,sue.clinic,premium,78.54,78.54,high,low,3,namesilo,,,28/09/2026 18:04
2de08f9e-50b1-4b7e-bf61-455d28417447,deviate.clinic,available,11.98,82.98,high,low,7,namecheap,,,
2b1682dd-1aca-4694-8c5c-8437f2ec1e57,democratic.clinic,available,20.99,64.99,high,low,10,namesilo,,,24/09/2026 05:46
304a00a2-e1a7-4677-a744-5d3fe6241431,shandong.clinic,available,20.99,64.99,medium,low,8,namesilo,,,29/09/2026 03:52
c9fdb3b9-80c2-4499-bf36-9d54048e06b6,smith.clinic,resell,,,high,medium,5,Porkbun LLC,13/08/2014 16:29,13/08/2027 16:29,28/09/2026 18:16
691bbc16-72a9-48eb-8c8e-13066a9dfb5e,fin.clinic,premium,118.8,118.8,high,low,3,namesilo,,,
5a77c245-11cc-4696-84fc-9ac6f38df2ae,continually.clinic,available,19.99,,medium,low,11,name.com,,,
aa91596b-84e5-472a-80a5-85154b361ed1,easier.clinic,available,11.98,82.98,high,low,6,namecheap,,,27/09/2026 09:58
06cd6fd3-0256-41a7-bfba-6a707035456b,beguiling.clinic,available,20.99,64.99,high,low,9,namesilo,,,22/09/2026 01:38
77182938-0b7a-4aa2-ba42-fb05f39ca0c5,unfunded.clinic,available,11.98,82.98,medium,low,8,namecheap,,,12/09/2026 11:04
d4808ffb-1848-4b56-b93f-b7fbb2cb9a17,commitment.clinic,available,20.99,64.99,high,low,10,namesilo,,,18/09/2026 10:59
d4bf2059-8978-42c3-8eb1-3f3321996e83,burp.clinic,available,20.99,64.99,high,low,4,namesilo,,,23/09/2026 04:37
5b6f1c5a-8d10-4055-bb4a-381c8cbd8d97,drain.clinic,available,20.99,64.99,high,low,5,namesilo,,,24/09/2026 23:49
a33f068b-f066-42eb-9fc1-9e65d34334ab,negro.clinic,available,11.98,82.98,medium,low,5,namecheap,,,03/09/2026 15:10
42bdbddb-3c16-424d-8b4a-d024ca2f1fab,analytic.clinic,available,11.98,82.98,high,low,8,namecheap,,,
6f3520e0-cc90-4308-b92b-3ba0bb46fa09,proposition.clinic,available,20.99,64.99,high,low,11,namesilo,,,28/09/2026 03:24
573fd041-6959-4b30-8f79-94e8352f4d87,salvation.clinic,available,10.55,51.95,high,low,9,spaceship,,,28/09/2026 03:00
a070d77c-00f6-4fa2-8419-5b68d635f2f0,gage.clinic,available,11.98,82.98,high,low,4,namecheap,,,18/08/2026 19:51
18f587a2-456b-4520-ae6e-3562378dee5a,antelope.clinic,available,11.98,82.98,high,low,8,namecheap,,,19/09/2026 12:50
7c00ea66-c9a9-4033-9715-f13f0fa99f06,oncologic.clinic,available,11.98,82.98,high,low,9,namecheap,,,04/09/2026 14:25
2401bf83-761b-4cc1-b6d7-5357ffecb3a1,monday.clinic,available,19.99,,high,low,6,name.com,,,
15f0f453-4791-424b-a436-9f100783aa8a,operant.clinic,available,11.98,82.98,high,low,7,namecheap,,,04/09/2026 16:22
60e76e3e-fe5d-417a-adc7-5b4acbf3fec7,rolling.clinic,available,20.99,64.99,high,low,7,namesilo,,,19/09/2026 06:51
a4f875e8-e6c6-412b-9a40-b08b6c12be6f,consular.clinic,available,11.98,82.98,high,low,8,namecheap,,,12/08/2026 23:02
ec8a11a5-f253-4147-b374-f41bc3f13fde,maverick.clinic,available,11.98,82.98,high,low,8,namecheap,,,24/08/2026 17:42
400bcedf-ac6a-4b95-b6f1-8ffeda421715,disruptive.clinic,available,20.99,64.99,medium,low,10,namesilo,,,28/09/2026 07:50
64d0b73e-945b-469f-a650-dbd9b4c8be08,gouty.clinic,available,11.98,82.98,medium,low,5,namecheap,,,20/08/2026 17:18
7a2f8d4b-e5e6-43f6-a323-e51451e70126,innovator.clinic,available,20.99,64.99,high,low,9,namesilo,,,28/09/2026 02:49
f24ac6df-1900-4b92-8620-8f961c94459d,firmly.clinic,available,20.99,64.99,high,low,6,namesilo,,,19/09/2026 17:07
5d3ad743-2885-46af-ad9a-4db6d973d66b,euphonious.clinic,available,11.98,82.98,medium,low,10,namecheap,,,17/08/2026 14:17
b5b905cf-c692-4b64-aac7-3aa2094b4893,synthase.clinic,available,10.92,53.72,medium,low,8,dynadot,,,28/09/2026 16:05
6085a872-776e-46f1-a405-eaa63078b5f0,fist.clinic,available,19.99,,high,low,4,name.com,,,
0d629958-2b27-4570-9eb8-1c1cbce6cd20,bidding.clinic,available,20.99,64.99,high,low,7,namesilo,,,23/09/2026 13:29
8b3a5d17-b1a4-40bd-92c6-3ef88995e9fe,lacrimal.clinic,available,11.98,82.98,medium,low,8,namecheap,,,22/08/2026 17:57
ae301713-d2ec-4c1c-a7c4-1dee003d0fb6,projectile.clinic,available,11.98,82.98,high,low,10,namecheap,,,09/09/2026 02:59
11e6dc66-c415-4cd6-82f0-984e5bd59b68,informative.clinic,available,19.99,,high,low,11,name.com,,,
42eb4189-68d9-478d-8164-f4ba0da29497,milanese.clinic,available,11.98,82.98,medium,low,8,namecheap,,,24/08/2026 22:53
1f1048c9-11ef-4ddd-bf95-9b07124a029b,bipartisan.clinic,available,11.98,82.98,high,low,10,namecheap,,,10/08/2026 04:32
085fcdb6-70cc-424f-9347-1f8e8a225789,aku.clinic,available,11.98,82.98,high,low,3,namecheap,,,18/09/2026 00:16
76b0f0a9-8488-4197-afb1-0a4ead702347,persuade.clinic,available,10.55,51.95,high,low,8,spaceship,,,27/09/2026 16:35
4fc96bca-1607-467e-b62c-13cd88a18c68,fey.clinic,available,11.98,82.98,medium,low,3,namecheap,,,16/08/2026 03:39
a21dd0c9-17e4-417e-abb7-61b3b928f8f0,clunky.clinic,available,11.98,82.98,medium,low,6,namecheap,,,12/08/2026 13:08
129f6fd6-ce68-43aa-b7c0-7106d58c73cc,abeyant.clinic,available,11.98,82.98,medium,low,7,namecheap,,,
3c0d911d-9076-4454-beb4-75dd54500968,testicular.clinic,available,11.98,82.98,medium,low,10,namecheap,,,11/09/2026 12:06
bcdb673a-1729-40e5-bebc-c2589e311b4d,joel.clinic,available,20.99,64.99,high,low,4,namesilo,,,24/09/2026 06:55
fba993e2-4def-4711-a10c-8d4fb06aa1b7,junction.clinic,available,20.99,64.99,high,low,8,namesilo,,,28/09/2026 06:09
7a54a33c-930d-44f1-abc8-0c14f84b9fb2,causing.clinic,available,20.99,64.99,high,low,7,namesilo,,,24/09/2026 13:13
6a8e1cbb-1803-4b82-8aaf-2549a7b6d80e,inscribe.clinic,available,20.99,64.99,high,low,8,namesilo,,,21/09/2026 06:39
b200d462-1f6a-461c-870b-a45f04f816f7,menu.clinic,premium,102.67,102.67,high,medium,4,spaceship,,,29/09/2026 02:40
c8793d79-4a05-485a-9daf-7b39cc1d7df0,vespucci.clinic,available,19.99,84.99,high,low,8,name.com,,,18/09/2026 21:04
61f0f8a8-d0fe-4310-9c68-312b53b002d3,wikileaks.clinic,available,19.99,,medium,low,9,name.com,,,
04fb3e45-ce5c-49b3-8efc-a0c4faa40bb8,abroad.clinic,available,11.98,82.98,high,low,6,namecheap,,,21/09/2026 14:31
d3a05cdd-745d-45ce-ac17-370bd84180fa,hussy.clinic,available,20.99,64.99,medium,low,5,namesilo,,,17/09/2026 10:20
4b7f6fd6-3d42-4e42-87b3-f973bad6d944,rumour.clinic,available,11.98,82.98,high,low,6,namecheap,,,21/08/2026 02:08
527dcf22-39a6-480c-94ed-a909e7decdb4,mosque.clinic,available,19.99,,high,low,6,name.com,,,
7a820e6d-6505-4bfa-96f1-92017bc789e4,receives.clinic,available,20.99,64.99,medium,low,8,namesilo,,,18/09/2026 17:46
ccd6373d-4c50-4140-bd19-7d2bf0c92f89,autosexing.clinic,available,20.99,64.99,medium,low,10,namesilo,,,21/09/2026 07:42
c35d4fb7-fe38-4db5-8b20-7acaba2c675a,kafkaesque.clinic,available,11.98,82.98,medium,low,10,namecheap,,,22/08/2026 15:04
3288182b-f7b9-4460-8c34-77cb681f7f4b,propranolol.clinic,available,20.99,64.99,high,low,11,namesilo,,,20/09/2026 00:29
574fd0dd-0a83-4846-b1c0-d6020500cd27,culturally.clinic,available,11.98,82.98,medium,low,10,namecheap,,,14/09/2026 09:57
cdd79fd3-960b-4ea5-b328-464b40f1a844,antiacid.clinic,available,20.99,64.99,medium,low,8,namesilo,,,22/09/2026 05:47
c57ec6b8-d923-4a4c-a035-23a9b9d02e07,screechy.clinic,available,11.98,82.98,medium,low,8,namecheap,,,10/09/2026 00:01
b729d5f9-44e1-4db9-9737-84f06086c1b9,hospitable.clinic,available,11.98,82.98,high,low,10,namecheap,,,21/08/2026 14:16
f1a023e5-09a2-4e62-916b-78ae6563c2dd,capricious.clinic,available,11.98,82.98,medium,low,10,namecheap,,,11/08/2026 18:04
ca2579ad-c143-4b82-9f70-9aabea2a68b8,patient.clinic,premium,118.8,118.8,high,low,7,namesilo,,,27/09/2026 03:04
b4735f70-930b-4814-bfb7-10c68567d84a,aflare.clinic,available,11.98,82.98,medium,low,6,namecheap,,,
b629e50f-38d5-4c4d-a1ce-2578cdbd104f,moonlight.clinic,available,19.99,,high,low,9,name.com,,,
8f013417-95fb-4aa9-abc0-72d3beecd55c,bilgy.clinic,available,11.98,82.98,medium,low,5,namecheap,,,09/08/2026 21:16
7209ae5d-1bc8-4db5-8a76-f732db7c14bb,estates.clinic,available,20.99,64.99,medium,low,7,namesilo,,,18/09/2026 06:36
684ab90e-514b-4aa3-8eef-6beedca10d6c,empyrean.clinic,available,11.98,82.98,medium,low,8,namecheap,,,16/08/2026 20:51
02e85fb3-d4fe-40c8-b5c5-91dec3cff228,lets.clinic,available,11.98,82.98,high,low,4,namecheap,,,18/09/2026 18:55
9d190af8-224c-42f1-9849-4edc8657edf3,exiguous.clinic,available,11.98,82.98,medium,low,8,namecheap,,,17/08/2026 17:18
af7fec74-539e-4743-82fa-6d0462dd834f,nicole.clinic,available,19.99,,high,low,6,name.com,,,
f387f84b-950c-42e8-91db-e9d3053fd6c7,mislabeled.clinic,available,11.98,82.98,medium,low,10,namecheap,,,25/08/2026 01:21
eac89d7e-7c5d-4eac-abc0-4dc9ac98e6ad,ridiculous.clinic,available,20.99,64.99,high,low,10,namesilo,,,24/09/2026 06:27
6d7ddf14-16b7-421c-afcc-fe69588815ae,arsine.clinic,available,20.99,64.99,medium,low,6,namesilo,,,20/09/2026 09:42
049a97a9-93a9-49ab-b676-663810a065dc,law.clinic,premium,1040,1040,high,medium,3,namecheap,,,
afba68a9-beb7-4c36-9dcb-89d19572c3a1,bracing.clinic,available,11.98,82.98,high,low,7,namecheap,,,11/08/2026 00:30
5ce68912-c623-4d98-a208-1ba3d22f4e73,hale.clinic,available,11.98,82.98,high,low,4,namecheap,,,20/08/2026 22:23
81192ce5-b537-4169-90d1-089609e87095,aaa.clinic,available,50.2,50.2,high,medium,3,cloudflare,,,28/09/2026 16:55
0aeb0e90-24d0-4d80-9782-86860489e07a,sharks.clinic,available,50.2,50.2,medium,low,6,cloudflare,,,27/09/2026 23:50
4dc15781-5e8e-4976-8e78-218bf2238be8,waco.clinic,premium,,,high,low,4,,,,28/09/2026 06:51
f44d8d16-e0c3-4541-ac27-79d645b347ab,marketplace.clinic,premium,102.67,102.67,high,medium,11,spaceship,,,28/09/2026 05:48
03b0cffd-8266-4436-87e6-a93cf79ba3dd,manipulate.clinic,available,50.2,50.2,high,low,10,cloudflare,,,28/09/2026 05:48
a89d07de-4425-4768-acee-016d59644b94,portly.clinic,available,11.98,82.98,medium,low,6,namecheap,,,09/09/2026 00:02
b6f505f7-e1d8-432b-b23d-41f1bf6f69d5,statewide.clinic,available,11.98,82.98,high,low,9,namecheap,,,10/09/2026 19:10
ccbae8b2-be70-4f46-a02c-0e61955553a1,snowballs.clinic,available,20.99,64.99,medium,low,9,namesilo,,,19/09/2026 21:49
a96e3831-639e-440a-878a-0784ded739ee,adductive.clinic,available,11.98,82.98,medium,low,9,namecheap,,,
94cfa2c9-406a-45d2-af51-d05f1989e99d,guadalajara.clinic,premium,85.8,85.8,medium,low,11,namecheap,,,28/09/2026 07:53
72876cec-ff44-4205-824e-0a310cde7c3e,decreed.clinic,available,11.98,82.98,medium,low,7,namecheap,,,13/08/2026 22:14
123b839a-9981-4c1a-863f-363c4430e01e,corsair.clinic,available,20.99,64.99,high,low,7,namesilo,,,22/09/2026 04:33
045c2860-6cd1-480b-b966-e84ae9b91519,con.clinic,premium,128.7,128.7,high,low,3,namecheap,,,28/09/2026 14:15
eed6ad6f-8406-40ad-9a5c-7cf92f18a181,racism.clinic,available,10.55,51.95,medium,low,6,spaceship,,,29/09/2026 02:00
29992aa7-054e-4f21-bc9a-7da6c70a7a37,unmatched.clinic,available,11.98,82.98,high,low,9,namecheap,,,25/09/2026 17:47
36076ea4-3614-43ca-96cc-a3ec2fbe6045,bibulous.clinic,available,11.98,82.98,low,low,8,namecheap,,,09/08/2026 18:58
af11f474-b837-40e8-88dd-786a655997c4,acanthion.clinic,available,11.98,82.98,medium,low,9,namecheap,,,16/09/2026 20:39
70608bdd-886d-4803-818e-d7bb5bed7b4e,plaque.clinic,available,20.99,64.99,high,low,6,namesilo,,,29/09/2026 01:38
2a6be763-88b3-4e76-92b6-cee52f3a3e5f,ageism.clinic,available,20.99,64.99,medium,low,6,namesilo,,,17/09/2026 16:54
ca7fbe17-3b1f-4e26-8638-79a4f22ee593,relative.clinic,available,11.98,82.98,high,low,8,namecheap,,,12/08/2026 21:33
8389bf0a-a4e6-4c3b-bd84-009ddfe4102b,churches.clinic,available,10.55,51.95,medium,low,8,spaceship,,,28/09/2026 23:19
42c837b6-539f-4ea5-b3c9-d5c25348bc78,flabby.clinic,available,11.98,82.98,medium,low,6,namecheap,,,18/08/2026 06:05
a94e7755-edda-45b9-bc09-51f309a066b9,thorpe.clinic,available,19.99,,high,low,6,name.com,,,
3f6f9c4b-3b25-4fe8-a316-252f0aa450d4,attest.clinic,available,11.98,82.98,high,low,6,namecheap,,,24/08/2026 15:02
3b232fc6-a2d9-453d-bfd7-20c1a7e1aac7,midland.clinic,available,11.98,82.98,high,low,7,namecheap,,,24/08/2026 22:36
4b8652fd-5abd-4f69-b5a1-0f66c4fe4dfa,bargello.clinic,available,20.99,64.99,medium,low,8,namesilo,,,22/09/2026 05:48
d9522297-72be-4cd8-a03f-bc426444d037,acetum.clinic,available,20.99,64.99,medium,low,6,namesilo,,,17/09/2026 00:18
55aab5c8-f2dd-4256-95d3-7c00ff4f2f8b,jelly.clinic,available,19.99,,high,low,5,name.com,,,
e05bc551-be26-4796-a154-39e9add1fd63,apeldoorn.clinic,available,11.98,82.98,medium,low,9,namecheap,,,19/09/2026 16:24
bf9527ff-4b8f-4a5a-8182-df2e45215d6f,gaze.clinic,available,11.98,82.98,high,low,4,namecheap,,,28/09/2026 19:17
5a3662c5-cfe1-4f09-a154-f0a2b7cb6d21,frogs.clinic,available,50.2,50.2,medium,low,5,cloudflare,,,28/09/2026 18:14
dd1ecb67-3c4c-4d03-b219-55443c3607a9,brick.clinic,available,10.81,52.01,high,low,5,porkbun,,,27/09/2026 11:59
b890772e-bcd0-46fb-8033-8f2bbade5f6c,loverly.clinic,available,11.98,82.98,medium,low,7,namecheap,,,24/08/2026 10:16
d5e592b2-47e5-4de5-9cca-608d31d4a66f,acridid.clinic,available,20.99,64.99,medium,low,7,namesilo,,,17/09/2026 02:59
85e91615-ab00-48c2-9d14-e40395aa4134,intrastate.clinic,available,11.98,82.98,medium,low,10,namecheap,,,22/08/2026 08:45
75c5d92b-fc6b-419c-b270-d059572cd83a,jazzy.clinic,available,11.98,82.98,high,low,5,namecheap,,,22/08/2026 12:35
9c796f7a-3b4d-43b8-a7d9-e91ae95ea9eb,genesis.clinic,resell,,,high,medium,7,"NameCheap, Inc.",20/10/2024 17:00,20/10/2027 17:00,29/09/2026 03:33
726ea5e4-9360-4207-bd46-93c1961a7c80,vastly.clinic,available,11.98,82.98,high,low,6,namecheap,,,15/09/2026 01:56
e5678c88-54f6-45bd-a426-3196b30fbc42,abstemious.clinic,available,11.98,82.98,high,low,10,namecheap,,,
c7f9b1c4-9d69-49b6-8d19-42a7c3c647df,unashamed.clinic,available,11.98,82.98,medium,low,9,namecheap,,,12/09/2026 01:08
8af5119b-01e8-45f7-a5aa-e5cc4ad2638c,matchless.clinic,available,11.98,82.98,high,low,9,namecheap,,,24/08/2026 17:00
8831b6c9-e389-458e-a009-df1e1075c244,battalion.clinic,available,20.99,64.99,high,low,9,namesilo,,,22/09/2026 14:24
ae4a4c3f-6620-4c37-99d1-0468454324b6,grapey.clinic,available,11.98,82.98,medium,low,6,namecheap,,,20/08/2026 18:06
4160fcc0-3f5b-4081-bcd6-e1704a46d536,shucks.clinic,available,19.99,84.99,medium,low,6,name.com,,,13/08/2026 16:16
ea1cc069-2122-40d0-9658-a7d5bb85540b,slope.clinic,available,19.99,,high,low,5,name.com,,,
91fdcd02-bb22-4a44-adef-243fae23d10c,affiliation.clinic,available,19.99,,high,low,11,name.com,,,
0befdb35-abd0-47ad-8b44-9dc5acac15cb,gaining.clinic,available,10.55,51.95,medium,low,7,spaceship,,,28/09/2026 11:29
46fd6562-a944-4292-81b0-b075dd011d92,wannabe.clinic,available,11.98,82.98,medium,low,7,namecheap,,,07/08/2026 05:17
1c23e69c-4ecd-4860-a456-3f2f599a7ef3,delay.clinic,available,19.99,,high,low,5,name.com,,,
7538f65a-5c5c-4dd9-a782-997558272521,luculent.clinic,available,11.98,82.98,medium,low,8,namecheap,,,24/08/2026 10:52
2f04013d-5596-4f75-a8e0-0da4127889cb,hardbound.clinic,available,11.98,82.98,high,low,9,namecheap,,,21/08/2026 00:42
528e1666-fc98-4b60-a120-a2c8aa6b311a,redden.clinic,available,11.98,82.98,medium,low,6,namecheap,,,13/08/2026 06:34
18b32aa0-81fe-42bb-be8e-ce09b6d5d32c,cory.clinic,available,10.55,51.95,high,low,4,spaceship,,,27/09/2026 18:41
e9fa8aa6-154c-4f8c-b9e7-9565db2f6b7d,disharmony.clinic,available,11.98,82.98,medium,low,10,namecheap,,,24/09/2026 22:38
ffe97b3e-903a-4718-8cc0-15f8d5b9715e,bantam.clinic,available,11.98,82.98,medium,low,6,namecheap,,,08/08/2026 14:01
29df185c-dd6a-44cd-909b-32996f15fa34,blaming.clinic,available,10.55,51.95,medium,low,7,spaceship,,,28/09/2026 18:00
da802d04-938b-4d6e-9564-02a437a74f81,dimensions.clinic,available,20.99,64.99,medium,low,10,namesilo,,,29/09/2026 04:43
51d0ddb0-61a2-4141-8ccc-4d5c58c96904,bruckner.clinic,available,20.99,64.99,medium,low,8,namesilo,,,19/09/2026 15:26
9c14dbe1-50f7-45a8-99aa-d88fe81511c3,cordless.clinic,available,11.98,82.98,high,low,8,namecheap,,,13/08/2026 01:04
f1180de6-0004-4612-ad8d-889524554175,sandfish.clinic,available,20.99,64.99,medium,low,8,namesilo,,,22/09/2026 19:42
c14b8274-ac5a-4a46-91b3-a8a6d0dbdc07,accomplice.clinic,available,20.99,64.99,high,low,10,namesilo,,,16/09/2026 22:50
8fad0bb8-55b9-404d-b86c-9d1d43cf06f4,argil.clinic,available,20.99,64.99,medium,low,5,namesilo,,,20/09/2026 04:20
77d7322c-6ff1-4a43-bab2-6833b12e930f,sisal.clinic,available,20.99,64.99,medium,low,5,namesilo,,,17/09/2026 16:39
dd6dded2-eee6-43f5-aada-ddab1b2af69a,hopefully.clinic,available,20.99,64.99,high,low,9,namesilo,,,28/09/2026 15:15
d978957d-aa2d-4caa-8305-93c5a13fa47c,questioning.clinic,available,20.99,64.99,medium,low,11,namesilo,,,27/09/2026 09:01
ac524ade-b1fe-4e39-ba68-21dcff43e6c7,articular.clinic,available,11.98,82.98,medium,low,9,namecheap,,,06/08/2026 23:26
e41ca751-97c1-4ca5-b37f-cb488a95c8b9,module.clinic,available,50.2,50.2,high,low,6,cloudflare,,,28/09/2026 19:09
a73535dd-d5d4-4ce3-8357-2b26911eb5ef,inspired.clinic,available,20.99,64.99,high,low,8,namesilo,,,25/09/2026 09:48
6e6e19f0-5ea7-4d66-8a92-b4bfb491de80,hike.clinic,available,20.99,64.99,high,low,4,namesilo,,,24/09/2026 07:18
65b299d3-15f9-4cf1-a259-7896fd65fe00,werner.clinic,available,20.99,64.99,high,low,6,namesilo,,,25/09/2026 21:47
beb6f6e9-2f3f-4be7-a84f-2162804e019d,inscribed.clinic,available,11.98,82.98,medium,low,9,namecheap,,,17/08/2026 08:24
e48b5843-8686-484c-9e2f-2252f4a1db62,socratic.clinic,available,11.98,82.98,high,low,8,namecheap,,,10/09/2026 13:20
4085db76-9c0e-4852-abb0-b9bd3c544eb4,wicked.clinic,available,20.99,64.99,high,low,6,namesilo,,,24/09/2026 11:13
7cbba359-0ca0-4bcc-bf2f-f3622e30ba7b,quote.clinic,available,19.99,,high,low,5,name.com,,,
19cdda2f-6179-4905-bfb5-4a8ae56182a8,vehicles.clinic,available,20.99,64.99,medium,low,8,namesilo,,,16/09/2026 11:23
fb6cc9fb-e630-4210-87e1-cbfdbee502d4,amaurosis.clinic,available,11.98,82.98,medium,low,9,namecheap,,,18/09/2026 16:17
a686f426-5fc4-4bbf-831a-8455343e6ce8,allotrope.clinic,available,20.99,64.99,medium,low,9,namesilo,,,18/09/2026 12:06
2dd2e820-c80f-4f86-93a8-0e5687c1faf3,say.clinic,premium,118.8,118.8,high,low,3,namesilo,,,
1fdbbb77-d348-4d27-a1f9-87c40b4482a6,respect.clinic,available,11.98,82.98,high,low,7,namecheap,,,24/09/2026 21:15
997e73d3-42a0-468e-9fb8-8bd150619fc4,claremont.clinic,available,20.99,64.99,high,low,9,namesilo,,,27/09/2026 08:22
d01224b7-6de1-4f80-8aa6-b0c532bd97ee,network.clinic,premium,128.7,128.7,high,medium,7,namecheap,,,29/09/2026 00:39
677aac1a-a277-4d1d-88cc-974465ce59a8,bells.clinic,available,20.99,64.99,high,low,5,namesilo,,,25/09/2026 15:52
e16010c2-4d83-4018-ad30-c12600bf2051,pained.clinic,available,11.98,82.98,medium,low,6,namecheap,,,04/09/2026 01:26
d821a6a3-2527-434e-92bc-326f7cbbaead,dormant.clinic,available,11.98,82.98,high,low,7,namecheap,,,
108ebfaa-2167-46fc-b812-a129050273b1,stepson.clinic,available,19.99,,high,low,7,name.com,,,
382f0d8c-febb-451d-a16e-3bb4d166011e,scientific.clinic,available,20.99,64.99,high,low,10,namesilo,,,28/09/2026 10:35
f4923d01-eea0-4a1c-9880-30c077aed385,toynbee.clinic,available,20.99,64.99,high,low,7,namesilo,,,20/09/2026 08:19
997aa47d-f7c1-48aa-a76d-5bacb4e9011a,lied.clinic,available,20.99,64.99,high,low,4,namesilo,,,25/09/2026 08:58
ea2cb0ae-6769-427f-98ec-82763dc30ee3,bypast.clinic,available,11.98,82.98,medium,low,6,namecheap,,,11/08/2026 12:08
dd77876b-4f3b-4b3c-9170-cd973e932d6f,reverse.clinic,available,20.99,64.99,high,low,7,namesilo,,,23/09/2026 22:34
417153d1-9d4d-4159-8e91-e3b92cd90db4,notecase.clinic,available,20.99,64.99,medium,low,8,namesilo,,,23/09/2026 16:18
93845750-1117-4558-91a5-35540ec52c88,arcminute.clinic,available,20.99,64.99,medium,low,9,namesilo,,,20/09/2026 02:40
09065513-b50d-47d7-b0ec-5abd765c8e1c,hematic.clinic,available,11.98,82.98,medium,low,7,namecheap,,,20/08/2026 21:53
58605733-0b5f-4810-ad88-9a653322a304,weapons.clinic,available,20.99,64.99,medium,low,7,namesilo,,,25/09/2026 17:10
4fa411c1-4652-4a15-9693-2ea065e4cbf9,iffy.clinic,available,11.98,82.98,medium,low,4,namecheap,,,18/08/2026 09:22
697cf31c-2073-480c-99e1-ed6540462604,including.clinic,available,19.99,,medium,low,9,name.com,,,
4cd486e2-a687-42ee-afe1-d7fe03ae38a0,recommended.clinic,available,20.99,64.99,medium,low,11,namesilo,,,28/09/2026 08:36
63083c81-1d7e-44e7-9458-ed67f8b8c08e,tractable.clinic,available,11.98,82.98,medium,low,9,namecheap,,,24/08/2026 15:10
46ad6cd2-987b-483c-b255-6f7ea476c131,composure.clinic,available,11.98,82.98,high,low,9,namecheap,,,11/08/2026 14:55
b858e1b5-6114-4f6b-b298-fc04d9af71d2,elfin.clinic,available,11.98,82.98,high,low,5,namecheap,,,16/08/2026 03:37
b80c9429-3c19-4993-8f45-5ec397577e1d,toll.clinic,available,,,high,medium,4,,,,
7d3bc2d8-b133-4c83-88f6-25abf9af4859,charming.clinic,available,11.98,82.98,high,low,8,namecheap,,,12/08/2026 02:36
59faa80e-ef19-493a-b784-a497f43ce346,aesthesis.clinic,available,11.98,82.98,medium,low,9,namecheap,,,17/09/2026 13:32
b8ae64d2-8d86-481e-972b-c3771ec49690,escapade.clinic,available,11.98,82.98,high,low,8,namecheap,,,17/09/2026 10:37
88f4cf89-319b-4edc-98c5-4e6580bef019,evaluative.clinic,available,11.98,82.98,medium,low,10,namecheap,,,06/08/2026 08:13
cdb5fdbd-5962-4d5f-a4ee-5c378ace1192,stinky.clinic,available,11.98,82.98,high,low,6,namecheap,,,13/08/2026 05:18
936654df-45dd-42f2-ae8c-e8c96d524972,leafy.clinic,available,11.98,82.98,high,low,5,namecheap,,,22/08/2026 21:57
23b7844c-4284-4126-a377-04315ba8c55a,garfield.clinic,available,10.55,51.95,medium,low,8,spaceship,,,28/09/2026 14:15
eca43476-bd13-4824-beca-c9854d8c2880,creature.clinic,available,20.99,64.99,high,low,8,namesilo,,,22/09/2026 04:42
cea46346-7e93-48f6-a4b9-0d0548726482,dogfish.clinic,available,11.98,82.98,high,low,7,namecheap,,,18/09/2026 21:24
ce8ec9f7-8f74-4696-833c-dd776a0eab79,refunds.clinic,available,20.99,64.99,medium,low,7,namesilo,,,20/09/2026 14:13
3e2f189d-fc9a-4ff2-a956-b051892fdb40,skittish.clinic,available,11.98,82.98,medium,low,8,namecheap,,,10/09/2026 09:48
246a2fb1-feb4-44fa-8be1-b58cc0e42522,ridden.clinic,available,19.99,,high,low,6,name.com,,,
2a0cd18f-5fd5-41a9-bf90-4162d1f932d3,residue.clinic,available,11.98,82.98,high,low,7,namecheap,,,09/09/2026 15:05
0e01e026-3b8b-46c0-a417-53ae5ba558f2,fling.clinic,available,19.99,,high,low,5,name.com,,,
fc432052-f9a3-4f0d-86ff-5bf2b26c9e43,essence.clinic,available,10.92,53.72,high,low,7,dynadot,,,28/09/2026 03:54
06e9cb30-10a7-4a7d-a341-002a77645fe8,laurel.clinic,available,20.99,64.99,high,low,6,namesilo,,,20/09/2026 11:06
1990aa22-2fdf-4f10-8f63-248de7cbb886,kindled.clinic,available,11.98,82.98,medium,low,7,namecheap,,,17/08/2026 09:33
2218f15f-22dc-45c5-acd0-93a96e63d45f,florence.clinic,premium,,,high,low,8,,,,28/09/2026 05:43
9031d5c4-85e4-4319-b090-c5cd5e4d58b6,bedcover.clinic,available,20.99,64.99,high,low,8,namesilo,,,22/09/2026 22:53
ad54dc0f-765e-42a4-b464-ada3150ed4dc,karin.clinic,available,10.55,51.95,medium,low,5,spaceship,,,29/09/2026 04:04
23e4b121-f832-4305-b4dc-56a951cc2d4a,screeching.clinic,available,11.98,82.98,medium,low,10,namecheap,,,09/09/2026 23:59
d5750209-d102-40db-9968-1dfea70c8d86,consumable.clinic,available,11.98,82.98,high,low,10,namecheap,,,12/08/2026 23:04
6f319c7c-98a1-4066-9364-706f84257083,ain.clinic,available,,,high,low,3,,,,
68a55e2b-103d-4da7-b125-c8a85c25ba36,breastfeed.clinic,available,19.99,,high,low,11,name.com,,,
5a8c2b31-a469-4232-94ac-8461d1788cb4,overfond.clinic,available,11.98,82.98,medium,low,8,namecheap,,,04/09/2026 20:35
34f58b46-f098-41e5-a0d5-6830abb6b6ec,robe.clinic,available,10.55,51.95,high,low,4,spaceship,,,28/09/2026 06:41
6d8b7902-dfe3-46d3-8b28-4cb585b9b4dd,coordinates.clinic,available,10.92,53.72,medium,low,11,dynadot,,,28/09/2026 04:24
71c14b41-b7f8-4f15-a31e-0a684ebad09d,dismissive.clinic,available,11.98,82.98,medium,low,10,namecheap,,,14/08/2026 11:49
edcbbdd6-59aa-4cda-abbd-74912cc7b87d,welch.clinic,available,11.98,82.98,high,low,5,namecheap,,,13/09/2026 10:47
96097b2a-bf05-4fe8-a1e4-d39b442b5a29,ftc.clinic,available,10.81,52.01,medium,low,3,porkbun,,,28/09/2026 14:08
8f89f8e0-ac72-4e4d-ae7f-865cfbb02286,manufacturer.clinic,available,11.98,82.98,medium,low,12,namecheap,,,28/09/2026 20:59
3fb45795-5737-4907-8d5d-b4c5c91d208a,heavily.clinic,available,11.98,82.98,medium,low,7,namecheap,,,21/08/2026 05:28
36ff7a76-948c-4be4-bd29-bcdb9b5f77a0,curtiss.clinic,available,50.2,50.2,high,low,7,cloudflare,,,27/09/2026 12:50
5b8a8c30-0a36-4f0e-887f-f35c52b767ce,roan.clinic,available,11.98,82.98,high,low,4,namecheap,,,09/09/2026 18:08
ad4e160c-62c7-4c27-84e1-3855fc2cbeaa,unveil.clinic,available,19.99,,high,low,6,name.com,,,
e84127e8-53e9-4ae1-896b-ca343e81d633,noncurrent.clinic,available,11.98,82.98,medium,low,10,namecheap,,,03/09/2026 19:01
98bd2375-fdd3-4b3f-a464-e3d3a8844d73,nodular.clinic,available,11.98,82.98,medium,low,7,namecheap,,,03/09/2026 18:06
deaaad9a-78ba-42dd-a271-5673b78267ae,argosy.clinic,available,20.99,64.99,medium,low,6,namesilo,,,20/09/2026 04:43
9c43c482-a856-4587-bdd0-6dac663feb81,sophisticated.clinic,available,19.99,,high,low,13,name.com,,,
21c2cbec-2c2c-4276-9d41-58300e317823,ledge.clinic,available,10.55,51.95,high,low,5,spaceship,,,29/09/2026 01:33
33400177-c42f-4e6a-a472-f658eaab20ad,broadband.clinic,available,20.99,64.99,high,low,9,namesilo,,,23/09/2026 09:40
88ca39ab-7c3f-412c-a96f-94be677a6fd7,adverse.clinic,available,11.98,82.98,medium,low,7,namecheap,,,
34d993d9-4468-4aa1-adab-4526f10fbf98,shag.clinic,available,11.98,82.98,medium,low,4,namecheap,,,18/08/2026 17:33
3681cba1-dfe5-4819-98e8-8c728a1aebdb,pre.clinic,premium,78.54,78.54,high,low,3,namesilo,,,
16756e28-f28f-4957-ada5-aab58f2b71f2,russet.clinic,available,11.98,82.98,high,low,6,namecheap,,,09/09/2026 20:06
a3eafa5f-e118-4370-87db-0e672bb2321d,wrath.clinic,available,10.55,51.95,medium,low,5,spaceship,,,28/09/2026 20:48
29ac5a05-1c94-4231-9dd5-4a5aa73249ac,walt.clinic,available,11.98,82.98,high,low,4,namecheap,,,25/09/2026 12:09
24590cf0-6b2e-40ab-baad-d2362c691d8f,hulky.clinic,available,11.98,82.98,medium,low,5,namecheap,,,21/08/2026 14:48
10d03b4f-09c3-4749-bf51-b6306ced440a,reputably.clinic,available,11.98,82.98,medium,low,9,namecheap,,,15/09/2026 23:17
db7e28de-40e3-4534-9c36-ecd4a47223ad,combative.clinic,available,11.98,82.98,medium,low,9,namecheap,,,
c528630f-882a-4984-acba-cbd730417e4f,mated.clinic,available,11.98,82.98,medium,low,5,namecheap,,,24/08/2026 17:10
4f3edbf0-215f-4e2e-9e3c-1dda2ef52e91,outdoors.clinic,available,11.98,82.98,high,low,8,namecheap,,,21/09/2026 23:54
7881aa5e-b40e-490e-ba7b-6f6410bcb76f,depart.clinic,available,10.55,51.95,high,low,6,spaceship,,,28/09/2026 20:27
622900d0-57fc-4e98-ba84-7c4b62b5f517,emmett.clinic,available,10.55,51.95,medium,low,6,spaceship,,,28/09/2026 08:01
a801c9a3-51c2-43bc-a8a5-8449f286b003,milfoil.clinic,available,20.99,64.99,medium,low,7,namesilo,,,17/09/2026 00:37
58a14c28-592e-4189-a970-9b21bb4942d5,efficient.clinic,available,20.99,64.99,high,low,9,namesilo,,,28/09/2026 14:50
fdbe5e67-99c3-416f-b603-18b3ef42ecb6,karpov.clinic,available,20.99,64.99,high,low,6,namesilo,,,19/09/2026 03:27
19bbe973-0300-4007-bdc4-8b76d55e1bc4,observed.clinic,available,20.99,64.99,high,low,8,namesilo,,,22/09/2026 09:25
a8fc4cd8-5d61-4509-ab25-166e142514bc,bob.clinic,premium,118.8,118.8,high,medium,3,namesilo,,,22/09/2026 23:31
50c44193-8b7c-4201-8dc4-b8e5fe6e144c,thenar.clinic,available,11.98,82.98,medium,low,6,namecheap,,,11/09/2026 12:51
0dfadbce-81ab-4982-bfb6-61dda9f0b866,pledged.clinic,available,20.99,64.99,high,low,7,namesilo,,,27/09/2026 04:12
9a9ed748-4147-40de-9c1a-da63a95b448c,norwich.clinic,premium,85.8,85.8,medium,low,7,namecheap,,,25/09/2026 14:43
e4ac180d-9f2b-47b4-968d-0addce47089e,navigable.clinic,available,11.98,82.98,medium,low,9,namecheap,,,03/09/2026 14:13
6938be46-d3e7-46be-81fd-6404dae27b50,notify.clinic,available,19.99,,high,low,6,name.com,,,
867eedb2-0b6d-4766-a44c-f57e629fae1b,supermodel.clinic,available,19.99,,high,low,10,name.com,,,
20dd44b0-2e04-4225-84b5-2bbee9001c53,benefit.clinic,available,20.99,64.99,high,low,7,namesilo,,,23/09/2026 07:55
d3734f6f-84d0-427d-9d55-5fa906d12433,univalent.clinic,available,11.98,82.98,medium,low,9,namecheap,,,12/09/2026 14:00
a05e4139-eefd-46ec-8c63-dde5ba5d56ef,asystole.clinic,available,11.98,82.98,medium,low,8,namecheap,,,20/09/2026 18:57
b5e3b2d8-7816-4268-acfe-0692916025c9,rummy.clinic,available,11.98,82.98,high,low,5,namecheap,,,13/08/2026 11:16
c18c4c74-d959-4757-8f4c-2c3c9cbaed86,bulging.clinic,available,11.98,82.98,medium,low,7,namecheap,,,09/08/2026 13:41
6f2dc3b4-4913-4009-9831-d59b8c81bbbb,strip.clinic,available,20.99,64.99,high,low,5,namesilo,,,24/09/2026 05:53
20330313-5b1a-4f94-8442-d6508ff434ca,thusly.clinic,available,20.99,64.99,medium,low,6,namesilo,,,16/09/2026 09:04
c73e62a6-f0df-4e4c-9585-e0db3758708b,bezique.clinic,available,20.99,64.99,medium,low,7,namesilo,,,23/09/2026 12:24
94052333-9b19-4947-a208-b943ba796bd5,shining.clinic,available,20.99,64.99,high,low,7,namesilo,,,23/09/2026 11:49
ef0d11a7-9638-4ffe-93d6-fb58e87b8728,visored.clinic,available,11.98,82.98,medium,low,7,namecheap,,,13/09/2026 06:15
59e73c34-82e4-4d58-98e7-9a880ab14e3f,coexisting.clinic,available,11.98,82.98,medium,low,10,namecheap,,,12/08/2026 15:32
43c765c4-3b9d-455b-84ba-806a0cea5c3f,bleak.clinic,available,11.98,82.98,medium,low,5,namecheap,,,08/08/2026 21:02
bbf64c1a-2a0e-4e59-98c2-a0e6dae17d6f,associates.clinic,available,20.99,64.99,medium,low,10,namesilo,,,28/09/2026 08:50
85372ddb-96c6-4973-b2d5-d5a18201e2ce,dialectic.clinic,available,11.98,82.98,high,low,9,namecheap,,,14/08/2026 05:50
e9af6762-e760-4876-a840-54c34dc5b055,ahriman.clinic,available,20.99,64.99,medium,low,7,namesilo,,,17/09/2026 20:33
e78d1048-f940-4d77-bb42-c093690c614b,snowstorms.clinic,available,20.99,64.99,low,low,10,namesilo,,,19/09/2026 21:56
a72dcad4-470c-4473-94bf-b54e1ecd1601,firearms.clinic,available,20.99,64.99,medium,low,8,namesilo,,,28/09/2026 22:59
d6ec35be-47ac-47b3-beb8-d0ce6eddab13,cheeky.clinic,available,11.98,82.98,high,low,6,namecheap,,,11/08/2026 02:26
128839ee-a6a6-4224-8556-0b76e58779f7,deftness.clinic,available,20.99,64.99,high,low,8,namesilo,,,17/09/2026 07:43
01a149b1-32d1-4a7a-b749-807f0c2b8929,boyle.clinic,available,20.99,64.99,high,low,5,namesilo,,,25/09/2026 02:02
3307e1f7-956b-474c-8a01-2cce50f2df6f,verdun.clinic,available,20.99,64.99,medium,low,6,namesilo,,,22/09/2026 16:19
e3f4d1df-ad6c-45d7-8c6f-492654d446ee,abhorrent.clinic,available,20.99,64.99,medium,low,9,namesilo,,,21/09/2026 13:49
c9de9e5d-db25-436f-8477-c7b83cdcd216,seamless.clinic,available,11.98,82.98,high,low,8,namecheap,,,10/09/2026 00:47
76be3db0-0a2b-4bc7-91e7-fd47c4327479,overnight.clinic,available,20.99,64.99,high,low,9,namesilo,,,22/09/2026 00:44
79f75f96-2608-4327-af55-26e254927857,rhomboid.clinic,available,11.98,82.98,medium,low,8,namecheap,,,09/09/2026 16:47
1f3c5a2b-f29c-495e-bbae-387259383e12,potts.clinic,available,50.2,50.2,medium,low,5,cloudflare,,,28/09/2026 04:13
9553c07a-7edc-4f66-8d58-459dbcb87367,upended.clinic,available,11.98,82.98,medium,low,7,namecheap,,,12/09/2026 23:06
0332a84b-610d-476d-8af3-6de25fc56e68,occurred.clinic,available,11.98,82.98,medium,low,8,namecheap,,,18/09/2026 13:50
b7ced78b-c250-4ada-8330-7183522ca59f,voracious.clinic,available,11.98,82.98,medium,low,9,namecheap,,,15/08/2026 06:15
8650352e-5ed1-4cb5-85d7-15ae2f6fd138,daddy.clinic,available,20.99,64.99,high,low,5,namesilo,,,27/09/2026 04:35
0c2cc280-b19e-4f72-8bbe-1bee37e76c95,kalamazoo.clinic,available,10.55,51.95,high,low,9,spaceship,,,28/09/2026 02:12
6bedeb0b-eba4-41e9-b3f0-5819ff5fe7a8,answered.clinic,available,11.98,82.98,high,low,8,namecheap,,,25/09/2026 16:54
88c440ae-5d33-4371-9f80-f28258e6327c,obliged.clinic,available,10.55,51.95,medium,low,7,spaceship,,,28/09/2026 11:17
3333358b-8317-4117-8a06-d4a0c33d767b,canary.clinic,available,11.98,82.98,high,low,6,namecheap,,,11/08/2026 16:10
567c00ee-8946-45b9-9af1-719f96468131,commutable.clinic,available,11.98,82.98,medium,low,10,namecheap,,,12/08/2026 19:17
28f963fd-9d18-4d1b-8657-9828df3d3b91,renewed.clinic,available,11.98,82.98,high,low,7,namecheap,,,09/09/2026 14:04
12e79fb9-1873-4aa0-b74e-ff126c9df558,gar.clinic,premium,118.8,118.8,medium,low,3,namesilo,,,23/09/2026 16:11
c1863dd6-203a-4879-a09c-b964b779a51d,boring.clinic,available,20.99,64.99,high,low,6,namesilo,,,23/09/2026 00:20
5b44e250-22e2-4f77-be2f-a5960793f385,troops.clinic,available,20.99,64.99,high,low,6,namesilo,,,25/09/2026 23:43
36987d21-e3a8-44d1-93e3-75ffceb03f4a,analyser.clinic,available,20.99,64.99,high,low,8,namesilo,,,19/09/2026 01:57
3e4b4bde-a49a-420f-a503-3fa00b0982ba,most.clinic,available,20.99,64.99,high,low,4,namesilo,,,25/09/2026 21:48
5f9e8f47-3e1d-4bea-a4c4-c43e8c67dd94,jockey.clinic,available,20.99,64.99,high,low,6,namesilo,,,24/09/2026 14:26
20e3d363-f0f2-4d31-9604-50406dad128c,defendant.clinic,available,20.99,64.99,medium,low,9,namesilo,,,27/09/2026 03:41
e20bcca0-4e9e-4b98-a362-f3c93c995eec,browned.clinic,available,11.98,82.98,medium,low,7,namecheap,,,11/08/2026 06:29
8e3ce2a9-1d5c-49a5-ac23-ed5178e9dcea,monterrey.clinic,available,50.2,50.2,medium,low,9,cloudflare,,,28/09/2026 14:54
9d5be59e-d5b4-4cb1-afdc-e3de6fa355e3,abadan.clinic,available,19.99,84.99,medium,low,6,name.com,,,16/09/2026 13:48
899f341a-fbec-4fbd-a591-6edc68987512,expressive.clinic,available,11.98,82.98,high,low,10,namecheap,,,17/08/2026 18:50
d6505232-0696-443e-b764-3b624a62f737,churl.clinic,available,11.98,82.98,medium,low,5,namecheap,,,13/08/2026 05:00
af554cd0-09eb-4882-bd8b-62c88d55826c,chances.clinic,available,20.99,64.99,medium,low,7,namesilo,,,25/09/2026 16:56
e75fd553-a678-488c-b330-f160c64fc355,wesleyan.clinic,available,11.98,82.98,high,low,8,namecheap,,,24/08/2026 22:00
e3ca2e07-4d25-417c-86fb-dc425cd20f81,enmeshed.clinic,available,11.98,82.98,medium,low,8,namecheap,,,17/08/2026 09:39
3969251b-e30b-47c8-ad14-750f3b231bc3,viktor.clinic,available,10.81,52.01,medium,low,6,porkbun,,,28/09/2026 07:43
8d485767-f176-47b1-9872-3f30605fdc96,bane.clinic,available,20.99,64.99,medium,low,4,namesilo,,,22/09/2026 01:39
db85981c-7129-4d49-aa38-04d65bd22714,ionized.clinic,available,11.98,82.98,high,low,7,namecheap,,,22/08/2026 09:31
ec0830af-af4e-462f-bcd3-63c6a563668a,former.clinic,available,11.98,82.98,high,low,6,namecheap,,,24/09/2026 21:24
ccde65a3-1980-4c73-9667-e18a5c3d4229,ironclad.clinic,available,11.98,82.98,high,low,8,namecheap,,,11/08/2026 02:30
5e38098a-db68-4ccb-810d-e9335853f517,oates.clinic,available,10.92,53.72,medium,low,5,dynadot,,,28/09/2026 19:34
4e52714f-fe3b-43ef-9584-dea094ea477a,things.clinic,available,50.2,50.2,high,low,6,cloudflare,,,28/09/2026 05:47
8feccd4f-c582-4cdb-a0b1-99757631e436,abatic.clinic,available,11.98,82.98,medium,low,6,namecheap,,,
bdf63041-741a-4752-8b6a-e1ab31e95ed1,jealousy.clinic,available,10.55,51.95,medium,low,8,spaceship,,,28/09/2026 09:57
4e6f300f-514c-492e-ade9-bbee6f4585d9,raffish.clinic,available,19.99,84.99,medium,low,7,name.com,,,13/08/2026 17:31
ded4ca5b-625d-4bef-a6ab-59d334a7a83a,irresponsible.clinic,available,10.55,51.95,medium,low,13,spaceship,,,28/09/2026 21:26
adee9b63-6799-4077-a5cb-2be45f2160f6,constantly.clinic,available,11.98,82.98,medium,low,10,namecheap,,,28/09/2026 14:18
5b3f61cc-d81f-4d43-8862-bd60dac299f7,abenaki.clinic,available,11.98,82.98,medium,low,7,namecheap,,,
aed73d50-e606-4781-9667-8c208aac92ea,alienor.clinic,available,20.99,64.99,medium,low,7,namesilo,,,18/09/2026 07:41
e5a9b2e6-da36-4a41-8120-1944b224fbb7,william.clinic,available,20.99,64.99,high,low,7,namesilo,,,17/09/2026 13:23
545c5589-c7ba-4fe6-804e-77b8794df52d,teutonic.clinic,available,11.98,82.98,medium,low,8,namecheap,,,11/09/2026 12:13
d4d3127f-86df-406b-b387-53b213fd9b06,suspended.clinic,available,11.98,82.98,medium,low,9,namecheap,,,11/09/2026 04:55
3179522c-9b79-45d1-a7ba-d58a8a12b042,veinal.clinic,available,11.98,82.98,low,low,6,namecheap,,,13/09/2026 01:51
ffc9075f-e6e2-4b0e-9b1c-687212444724,prostitution.clinic,available,10.55,51.95,medium,low,12,spaceship,,,28/09/2026 17:12
092ea21f-de03-48ac-a29b-2ac305d4530d,throwback.clinic,available,11.98,82.98,high,low,9,namecheap,,,11/09/2026 15:00
a66fd3d4-f588-4bb4-ae31-8811499683af,brainy.clinic,available,11.98,82.98,high,low,6,namecheap,,,11/08/2026 01:53
2d149893-9290-47f8-b2d9-323703cf534a,astronomer.clinic,available,11.98,82.98,high,low,10,namecheap,,,20/09/2026 18:04
0de1f5b9-425e-4c0e-91c8-649fcd7d3d08,proverb.clinic,available,20.99,64.99,high,low,7,namesilo,,,17/09/2026 06:07
64ff4f26-fc1b-40f0-bba6-f46a9c9abe7a,artless.clinic,available,11.98,82.98,medium,low,7,namecheap,,,06/08/2026 23:47
53060bce-7f8a-4d85-b38e-50829ef0bbc7,grump.clinic,available,11.98,82.98,medium,low,5,namecheap,,,13/08/2026 04:58
22df3647-cc80-46e1-a0aa-9545a094018b,warhol.clinic,available,20.99,64.99,high,low,6,namesilo,,,19/09/2026 05:06
4d699572-f4c1-46d5-8d04-fe8d06c0f838,gimpy.clinic,available,11.98,82.98,medium,low,5,namecheap,,,13/08/2026 07:05
515be6ba-25b1-4988-bd99-e48a3458790c,squandered.clinic,available,11.98,82.98,medium,low,10,namecheap,,,10/09/2026 17:24
12675faa-12a7-4942-ba60-9f2eb4d7780b,primadonna.clinic,available,19.99,,medium,low,11,name.com,,,
8df5c332-9e93-48ac-bec7-8f1f2e1c3fb2,blacksburg.clinic,available,20.99,64.99,medium,low,10,namesilo,,,24/09/2026 02:57
af41057f-96c8-42d6-86bd-3cbb52236f31,effort.clinic,available,10.55,51.95,high,low,6,spaceship,,,28/09/2026 05:04
5f25c9a7-041a-4cd6-99a0-fe064bb691fb,tempering.clinic,available,11.98,82.98,medium,low,9,namecheap,,,11/09/2026 10:56
9b78c42a-5ccf-4a18-9b1f-2d1edac4f8bf,curiously.clinic,available,20.99,64.99,medium,low,9,namesilo,,,28/09/2026 14:28
88ba872b-34b0-47fc-b319-ec1fd17cad69,strumpet.clinic,available,20.99,64.99,medium,low,8,namesilo,,,17/09/2026 10:22
bb72af80-6ffc-492c-8c61-e50478e9766a,whiff.clinic,available,11.98,82.98,high,low,5,namecheap,,,09/09/2026 05:39
c86a0172-c3d0-4709-8285-fdab37919a7c,fumbling.clinic,available,11.98,82.98,medium,low,8,namecheap,,,11/08/2026 10:05
9b59f53e-5370-45d3-8709-3fade44ae75b,crawler.clinic,available,20.99,64.99,high,low,7,namesilo,,,19/09/2026 06:39
ff91950f-d949-4789-bbe7-eb2577114464,miffed.clinic,available,11.98,82.98,medium,low,6,namecheap,,,
af337e56-e753-417f-b70d-db3a97283a28,shouts.clinic,available,20.99,64.99,medium,low,6,namesilo,,,18/09/2026 07:00
7add4b1d-7850-4c04-bb2b-908201c52cb3,thither.clinic,available,11.98,82.98,medium,low,7,namecheap,,,16/09/2026 08:57
75658afe-1d4e-43ea-8ca0-c21b79c0a49e,chicness.clinic,available,11.98,82.98,medium,low,8,namecheap,,,12/08/2026 04:44
2e36a697-fd21-45ca-a85e-a7fcd1ebbe1f,pick.clinic,available,20.99,64.99,high,low,4,namesilo,,,23/09/2026 14:24
e0da2369-7f39-4219-a2e8-cbc152d9255a,ldopa.clinic,available,20.99,64.99,medium,low,6,namesilo,,,23/09/2026 07:45
4cbc1d08-96c0-48ba-afa0-f5567bb474a0,panel.clinic,available,20.99,64.99,high,low,5,namesilo,,,19/09/2026 11:40
d96ba1d8-72fe-44f3-8c9c-72e2272bf60f,vibrate.clinic,available,19.99,,high,low,7,name.com,,,
11c9bb6f-7827-4efa-918a-f7f16e7736b0,mackay.clinic,available,11.98,82.98,medium,low,6,namecheap,,,25/09/2026 16:20
124492e2-e27e-4986-ba09-04efd31b0447,aspiration.clinic,available,20.99,64.99,high,low,10,namesilo,,,18/09/2026 16:53
09de8fe9-a79b-420a-8bc8-3a93b1d8c538,territorial.clinic,available,11.98,82.98,medium,low,11,namecheap,,,28/09/2026 21:11
a1f2c70a-1b49-4d94-858c-cc318d635905,theft.clinic,available,11.98,82.98,high,low,5,namecheap,,,08/09/2026 07:55
bafb6f0f-489d-4996-8d9d-2d1d7dea4f98,kangeroo.clinic,available,19.99,,medium,low,8,name.com,,,
48248ffe-c0c0-4efd-af0a-2f6c4e8f0adc,atonement.clinic,available,20.99,64.99,high,low,9,namesilo,,,21/09/2026 00:28
99ef9b51-6287-4c6d-a2b9-7d7b646c3282,shortage.clinic,available,10.81,52.01,high,low,8,porkbun,,,28/09/2026 18:53
aabd9f2c-e876-49ab-a9c6-903bba71a76c,makeovers.clinic,available,20.99,64.99,medium,low,9,namesilo,,,21/09/2026 08:55
282ab747-efe8-48ac-afeb-509a0b9b075f,wordless.clinic,available,11.98,82.98,medium,low,8,namecheap,,,03/09/2026 11:53
cc05200b-9aa1-4dc3-bd71-8c4be064562d,nantes.clinic,available,10.92,53.72,medium,low,6,dynadot,,,28/09/2026 10:30
88ea0605-428a-4a7a-aad8-cef1dd3a99ce,alias.clinic,available,20.99,64.99,high,low,5,namesilo,,,28/09/2026 11:26
e0aea3f8-5af1-430c-9a35-d513fb959ffe,belt.clinic,available,10.55,51.95,high,low,4,spaceship,,,28/09/2026 13:21
fa16c0aa-89f0-415d-b5fd-b6edf2989a35,backfire.clinic,available,20.99,64.99,high,low,8,namesilo,,,21/09/2026 15:28
1311b71c-8417-4ebd-835b-bd334a4ece41,solomonic.clinic,available,11.98,82.98,medium,low,9,namecheap,,,10/09/2026 13:43
05b3408e-d8c1-4e30-9737-8a3e8048bb14,grounds.clinic,available,11.98,82.98,high,low,7,namecheap,,,24/09/2026 20:34
247f727a-f6de-46ec-9ab1-87b330851394,weedy.clinic,available,11.98,82.98,medium,low,5,namecheap,,,09/09/2026 23:44
62749072-368e-4317-bfb0-776ed23d1c03,slab.clinic,available,10.55,51.95,high,low,4,spaceship,,,28/09/2026 20:30
625115ab-39b4-43b6-95b8-a435071f9c3b,richness.clinic,available,20.99,64.99,high,low,8,namesilo,,,17/09/2026 14:41
e7c439fe-9113-4a08-ad95-2d6af6515497,concluding.clinic,available,11.98,82.98,high,low,10,namecheap,,,19/09/2026 15:36
f68d6874-14ca-4809-9d4a-8a8a7568f2b0,didrikson.clinic,available,20.99,64.99,medium,low,9,namesilo,,,21/09/2026 12:34
a34a5611-de5f-487d-86ad-56e3ee146f0e,abruzzi.clinic,available,20.99,64.99,medium,low,7,namesilo,,,16/09/2026 17:28
a3992073-d8ba-48d2-8aa5-99b024dd545d,earthly.clinic,available,11.98,82.98,high,low,7,namecheap,,,14/08/2026 22:42
0acce0a8-9cc6-476f-925b-769f7d9614be,barcarolle.clinic,available,20.99,64.99,medium,low,10,namesilo,,,22/09/2026 05:06
1872ed3b-530d-4f36-b8d0-2fdbf12b5dc6,diehards.clinic,available,20.99,64.99,low,low,8,namesilo,,,20/09/2026 23:29
6ab0a617-dd39-4abd-9df0-8d5e85c30f33,sony.clinic,available,,,high,medium,4,,,,
4bbf3029-b47c-4bd9-9cd4-7188d5aa3290,semitic.clinic,available,11.98,82.98,medium,low,7,namecheap,,,10/09/2026 03:32
d1f6cb51-7cce-4e87-b54d-9ee960338ce2,muttering.clinic,available,11.98,82.98,medium,low,9,namecheap,,,03/09/2026 11:14
cbb70582-fa6a-49b6-8e1e-e59a92518f57,living.clinic,premium,118.8,118.8,high,low,6,namesilo,,,25/09/2026 14:05
6d08efb9-9e90-4bc3-a5aa-621d3d97022b,rests.clinic,available,20.99,64.99,medium,low,5,namesilo,,,18/09/2026 07:14
ea82f312-5018-46fa-84eb-8d9275d852c8,ardeb.clinic,available,20.99,64.99,medium,low,5,namesilo,,,20/09/2026 03:06
3317105c-69a9-40ca-b6fd-5802b4d98204,gaily.clinic,available,11.98,82.98,medium,low,5,namecheap,,,14/09/2026 20:57
bfd65205-8d94-4a5c-bf1f-f20614e75f02,plucky.clinic,available,11.98,82.98,high,low,6,namecheap,,,18/08/2026 00:47
5504d5e9-8d66-48eb-8f69-2e02128038aa,agenesis.clinic,available,20.99,64.99,medium,low,8,namesilo,,,17/09/2026 17:08
26200b7d-245e-4679-8e48-0e78d7f8e615,pritchard.clinic,available,10.55,51.95,medium,low,9,spaceship,,,28/09/2026 12:14
d7cd2e27-3519-47e7-bbf9-df7acbaa822e,patricia.clinic,available,10.55,51.95,medium,low,8,spaceship,,,28/09/2026 16:20
b2bb4b63-fbeb-4af0-8808-610622d00943,alate.clinic,available,11.98,82.98,medium,low,5,namecheap,,,
e3788514-8a99-4cbc-bbcc-62c419b9fa00,perilous.clinic,available,11.98,82.98,medium,low,8,namecheap,,,08/09/2026 01:42
9adb37c0-5f98-4dbc-aae1-7df537b890df,drugstore.clinic,available,20.99,64.99,high,low,9,namesilo,,,19/09/2026 19:43
8a7983f5-511f-4384-9692-d1bafe46eb0f,cive.clinic,available,20.99,64.99,medium,low,4,namesilo,,,18/09/2026 11:31
5a7a286b-1c59-48bd-8d76-2c06648ab3a3,aristocrat.clinic,available,20.99,64.99,high,low,10,namesilo,,,20/09/2026 05:51
e5f0aae6-59f4-4817-a0f8-ab6661e15b1a,screaming.clinic,available,11.98,82.98,high,low,9,namecheap,,,09/09/2026 23:52
04793694-bf14-42a1-a47b-6bcb40a67bb4,pram.clinic,available,20.99,64.99,high,low,4,namesilo,,,21/09/2026 13:20
64a7640c-4625-46ff-9d63-6b3e31bd2c67,swoosh.clinic,available,11.98,82.98,high,low,6,namecheap,,,11/09/2026 05:52
599b29fc-f2ce-412b-bf5f-e707aea4dee1,snakes.clinic,available,11.98,82.98,high,low,6,namecheap,,,27/09/2026 06:49
e0f4c8a1-4402-46e4-bbfe-6adfa6a03924,might.clinic,available,19.99,,high,low,5,name.com,,,
73e68beb-4b02-4efb-8f49-210f5e6284e5,hood.clinic,available,20.99,64.99,high,medium,4,namesilo,,,27/09/2026 08:13
c39bb8a3-8d6e-4eee-b54a-498ed0f1ae64,plausible.clinic,available,11.98,82.98,high,low,9,namecheap,,,08/09/2026 20:55
69184f9e-9cd7-4e92-ba36-01141ccaf283,tyke.clinic,available,11.98,82.98,medium,low,4,namecheap,,,25/08/2026 00:14
e1c68141-8ee4-45b9-a0c3-851d0f5a57a5,procter.clinic,available,10.81,52.01,medium,low,7,porkbun,,,29/09/2026 04:27
50bbb396-b24f-467d-b38e-993a709ef024,litre.clinic,available,11.98,82.98,medium,low,5,namecheap,,,22/08/2026 17:09
5178d73d-51c9-4a52-8f80-db6dd3815ec3,ajax.clinic,available,20.99,64.99,high,low,4,namesilo,,,17/09/2026 23:41
86b6b6bd-7ab0-41fe-a925-68ee7de6b219,donatus.clinic,available,11.98,82.98,medium,low,7,namecheap,,,17/09/2026 12:26
c5c078bd-48fc-4791-9e4a-143738f1000a,colors.clinic,available,19.99,,high,low,6,name.com,,,
6865c74e-2889-4b16-88e8-174dcf071558,deck.clinic,available,,,high,low,4,,,,
08141cec-1954-4f4b-9a29-36d9e853d1d0,ethel.clinic,available,11.98,82.98,high,low,5,namecheap,,,28/09/2026 07:21
fbf2a297-42e2-4961-ab7b-51e9b6f7139e,davidson.clinic,available,20.99,64.99,high,low,8,namesilo,,,25/09/2026 15:02
6e257147-fb4b-45d2-9ee0-ee641738e1d2,disappears.clinic,available,11.98,82.98,low,low,10,namecheap,,,28/09/2026 13:25
cb0edccb-358d-4a44-a671-2c72d0c23fd5,healthy.clinic,resell,,,high,low,7,"GoDaddy.com, LLC",21/04/2019 23:01,21/04/2027 23:01,26/09/2026 06:36
cf112d0c-1cf2-43cf-a114-7b5687e2c34b,hardin.clinic,available,10.55,51.95,medium,low,6,spaceship,,,28/09/2026 04:15
ecdc695f-ad76-4164-a99c-ab863a052558,leery.clinic,available,11.98,82.98,medium,low,5,namecheap,,,22/08/2026 22:26
17f49533-44e0-42ed-a3e0-a2fbee5cbf7c,questionable.clinic,available,10.55,51.95,medium,low,12,spaceship,,,29/09/2026 02:59
4e02e06c-1d72-4681-a7ea-85f334a7b0ad,victor.clinic,available,,,high,medium,6,,,,
06324f35-1f88-47ae-8e83-c8e74e820695,maculate.clinic,available,11.98,82.98,medium,low,8,namecheap,,,13/08/2026 23:26
9e6e57a0-23ed-4ae4-9cc0-b21873a29f49,inexplicit.clinic,available,11.98,82.98,medium,low,10,namecheap,,,21/08/2026 22:39
598df97f-9f2c-482a-95ac-528c6e2a62d5,avenged.clinic,available,11.98,82.98,high,low,7,namecheap,,,07/08/2026 22:35
d968f804-f09e-4fbc-8a01-152c72f65e2c,sodden.clinic,available,11.98,82.98,medium,low,6,namecheap,,,10/09/2026 13:24
43f53766-6c90-4023-9e1c-326839332a36,polygon.clinic,available,19.99,,high,low,7,name.com,,,
322066c6-879b-4a84-b4bf-f8ebc1053a3f,stacked.clinic,available,11.98,82.98,high,low,7,namecheap,,,10/08/2026 20:37
84cdd8d2-40b7-44b0-b7b3-60abd04816d9,graham.clinic,available,20.99,64.99,high,low,6,namesilo,,,23/09/2026 16:49
5b000da9-fc15-4822-97fd-cfb4b7b26200,moved.clinic,available,19.99,,high,low,5,name.com,,,
eca962ee-eaa5-436d-90d3-1c8c1b9e8a5b,tributary.clinic,available,11.98,82.98,high,low,9,namecheap,,,12/08/2026 20:32
8502556a-3627-43bf-a096-961eedb89aad,woodstock.clinic,available,11.98,82.98,high,low,9,namecheap,,,25/09/2026 21:23
0f3e8e34-532d-4e93-9b5e-5d8d7ad7933b,babyish.clinic,available,11.98,82.98,medium,low,7,namecheap,,,08/08/2026 03:53
cafa3e6d-e7b1-408a-9a42-23333e4f4b17,blankets.clinic,available,10.81,52.01,medium,low,8,porkbun,,,29/09/2026 05:14
a7345e5f-059f-4d8f-a060-899c37160ca8,scott.clinic,available,20.99,64.99,high,medium,5,namesilo,,,25/09/2026 05:00
44562dce-c1f1-4edb-a505-4c5f5408aa6b,cordially.clinic,available,11.98,82.98,medium,low,9,namecheap,,,14/09/2026 08:43
7d114aa1-e018-4d25-b57c-95152d3cd439,belatedly.clinic,available,11.98,82.98,medium,low,9,namecheap,,,22/08/2026 20:25
4e44345c-937d-4c1c-bdbd-e9c1e1874aa3,consonant.clinic,available,11.98,82.98,high,low,9,namecheap,,,12/08/2026 20:14
798f67eb-e540-4e18-b8c4-ea29bac3a37a,acyl.clinic,available,20.99,64.99,medium,low,4,namesilo,,,17/09/2026 05:49
60909db6-458c-4156-a213-2f165edfbb16,canteen.clinic,available,20.99,64.99,high,low,7,namesilo,,,24/09/2026 12:09
4d84f2a9-cadf-47d9-ae1d-338276848511,dairy.clinic,available,20.99,64.99,high,low,5,namesilo,,,28/09/2026 22:44
deceb41c-4fa0-4325-bd2d-c7e8119443a4,silvery.clinic,available,11.98,82.98,high,low,7,namecheap,,,06/08/2026 17:56
72d1ab39-b29c-4f3c-9d9b-1b317a0a2c65,visualise.clinic,available,11.98,82.98,high,low,9,namecheap,,,24/09/2026 16:40
4f5e2d86-909d-414c-8715-64ec3f5508bc,chain.clinic,available,19.99,,high,low,5,name.com,,,
9afa60f3-39e4-450f-aeff-cb7d1f4ad421,thought.clinic,available,50.2,50.2,high,low,7,cloudflare,,,28/09/2026 09:13
84470ace-4d4d-4961-9a85-88633863a77e,necked.clinic,available,11.98,82.98,medium,low,6,namecheap,,,03/09/2026 14:40
692abe24-1f0d-48d7-af31-62f7b2791229,midwinter.clinic,available,19.99,,medium,low,10,name.com,,,
247e5e1e-e088-4092-8ec6-52262884a5aa,himself.clinic,available,19.99,,medium,low,7,name.com,,,
64d722b5-eda5-4380-8381-a5480f2d21d2,subsonic.clinic,available,11.98,82.98,medium,low,8,namecheap,,,11/09/2026 00:50
190f213e-8422-413e-a5a8-7d6e8c258d88,adoptee.clinic,available,20.99,64.99,medium,low,7,namesilo,,,17/09/2026 09:39
9720a160-1c53-458a-9a7c-00075a82afe0,outfits.clinic,available,10.55,51.95,medium,low,7,spaceship,,,28/09/2026 23:41
3da6b13c-124d-49bf-a3dc-8cd1b71324bb,hittite.clinic,available,11.98,82.98,medium,low,7,namecheap,,,21/08/2026 10:00
e0059dda-6fe8-4955-8d64-d9ab51701b8a,fontaine.clinic,available,10.55,51.95,medium,low,8,spaceship,,,28/09/2026 12:22
ce548cd1-c4b5-4c77-8f33-0c043554a184,snatcher.clinic,available,20.99,64.99,medium,low,8,namesilo,,,16/09/2026 14:55
b2426e8e-cdd9-4093-b6d8-732178820b00,bareback.clinic,available,11.98,82.98,medium,low,8,namecheap,,,08/08/2026 18:38
3fbe0143-93dd-431b-b7e9-882f237c3a10,trucks.clinic,available,20.99,64.99,medium,low,6,namesilo,,,25/09/2026 06:07
4d2b6f55-cd26-4876-b940-588563492d28,coffeemakers.clinic,available,20.99,64.99,medium,low,12,namesilo,,,21/09/2026 01:27
6df12fbf-4ffe-469a-ab78-ef80846f5864,ambulation.clinic,available,20.99,64.99,medium,low,10,namesilo,,,18/09/2026 17:29
d11b550c-fbad-4ea6-92fd-8ad4f767f8bb,ccp.clinic,available,20.99,64.99,medium,low,3,namesilo,,,26/09/2026 03:21
4d84fbdf-7dea-4f20-b389-f2d3e33588e0,fry.clinic,premium,118.8,118.8,high,low,3,namesilo,,,25/08/2026 00:16
7e411ed8-2693-4279-bf1c-1087fc3d156f,altering.clinic,available,11.98,82.98,high,low,8,namecheap,,,18/09/2026 14:47
2c962040-1462-4a3d-8797-5fb8b3c53e06,fis.clinic,available,11.98,82.98,high,low,3,namecheap,,,28/09/2026 03:41
5214be41-46a3-46b3-a12e-3d50ddb4d2c5,pennsylvania.clinic,premium,242,242,high,low,12,namesilo,,,28/09/2026 11:48
a9e411d5-8fa2-4610-9332-a52106143995,anatoxin.clinic,available,20.99,64.99,medium,low,8,namesilo,,,19/09/2026 03:34
7e1d3391-67dd-40ee-b565-0631c1e5ded3,ambrose.clinic,available,20.99,64.99,high,low,7,namesilo,,,18/09/2026 17:22
cfddd6f0-501d-46a2-a269-7dc3b662bc6d,dour.clinic,available,11.98,82.98,medium,low,4,namecheap,,,14/08/2026 14:56
af8c030d-6319-41bc-8b91-5460cec2c82e,tearful.clinic,available,11.98,82.98,medium,low,7,namecheap,,,14/08/2026 15:35
8f127596-9637-4505-af40-e07ff5e31d50,untied.clinic,available,11.98,82.98,high,low,6,namecheap,,,12/09/2026 05:00
622d8852-843e-4ca2-949e-fe4c44f582e5,verboten.clinic,available,11.98,82.98,medium,low,8,namecheap,,,18/08/2026 11:06
8d8fa534-92a0-49d3-b2c9-0f3c57b7d602,scotchtape.clinic,available,20.99,64.99,high,low,11,namesilo,,,16/09/2026 11:38
4005209b-c327-4921-b8b9-b27fe15d0cce,pushing.clinic,available,19.99,,high,low,7,name.com,,,
1d036ef7-e2e4-4b05-bd55-c9c27d1eab82,syncarpous.clinic,available,11.98,82.98,medium,low,10,namecheap,,,11/09/2026 06:11
91babf3c-41b0-4fb6-93aa-e42efd48f18a,bja.clinic,available,20.99,64.99,medium,low,3,namesilo,,,23/09/2026 23:24
614129f4-5e37-48cb-9cc6-6a0282af487f,analgesic.clinic,available,11.98,82.98,high,low,9,namecheap,,,
f9390031-7c27-433c-adcd-061ca3768218,oxidative.clinic,available,11.98,82.98,medium,low,9,namecheap,,,04/09/2026 22:23
59fd3895-9504-4ccd-82a8-db2153f1d929,champion.clinic,available,20.99,64.99,high,low,8,namesilo,,,21/09/2026 17:32
3953b221-6374-42c7-bece-9254e7a65661,bilberry.clinic,available,20.99,64.99,medium,low,8,namesilo,,,23/09/2026 15:37
ce0022d1-1c3e-4d3d-9d47-ddc23d9c8147,tonal.clinic,available,11.98,82.98,high,low,5,namecheap,,,11/09/2026 16:59
ab094764-f09f-4765-b4c2-a430d52de5c9,dapper.clinic,available,19.99,84.99,high,low,6,name.com,,,13/08/2026 17:25
f80c02f9-0b33-4f3c-bb03-2778a46db10c,neuronic.clinic,available,11.98,82.98,medium,low,8,namecheap,,,03/09/2026 16:21
07a14d1f-ce4d-4d57-a6e5-01e8d1b7252c,headteacher.clinic,available,19.99,,high,low,12,name.com,,,
2e8ed4e3-8cca-4369-b792-4cd0fb217159,schuylkill.clinic,available,20.99,64.99,medium,low,10,namesilo,,,28/09/2026 16:50
8fab648a-6020-45ff-a666-c4bf5e52fc1a,beautifully.clinic,available,19.99,,high,low,11,name.com,,,
21f84e37-3ccc-4867-87f1-dc6206244cea,luncheon.clinic,available,19.99,,high,low,8,name.com,,,
94daa846-aa22-421a-9e10-ed23bad8c0c7,agone.clinic,available,11.98,82.98,medium,low,5,namecheap,,,
110114d3-5cdc-4409-aee4-ae6ddc525efb,anna.clinic,available,20.99,64.99,high,medium,4,namesilo,,,19/09/2026 09:54
69ac62ca-d727-4020-ba09-92610d80bf54,aerobic.clinic,available,11.98,82.98,high,low,7,namecheap,,,21/09/2026 21:01
514e2594-f195-40eb-be40-d778ae63cbae,accord.clinic,available,20.99,64.99,high,low,6,namesilo,,,16/09/2026 22:54
05819c20-d588-4b6e-9fa9-3c265372d232,beefcake.clinic,available,11.98,82.98,high,low,8,namecheap,,,23/09/2026 01:06
5c510d9e-a47b-4abe-aae3-9c71e09e9e1e,adenosine.clinic,available,20.99,64.99,medium,low,9,namesilo,,,17/09/2026 07:32
b3c7e87d-1cb8-484a-bd15-b841b9bfd32b,troika.clinic,available,11.98,82.98,high,low,6,namecheap,,,
a74d2953-3b70-4ef6-8153-348eb19f0438,pile.clinic,available,11.98,82.98,high,low,4,namecheap,,,25/08/2026 00:39
6f73b604-c0aa-4f91-9290-e79031a56e09,ajaia.clinic,available,20.99,64.99,medium,low,5,namesilo,,,17/09/2026 23:39
cfbb28f9-2d66-4bbc-942c-366682148c62,seedcase.clinic,available,11.98,82.98,medium,low,8,namecheap,,,12/08/2026 15:07
2cc6caac-953b-418f-bba9-4a80071856f4,electricians.clinic,available,11.98,82.98,medium,low,12,namecheap,,,20/09/2026 20:08
0ba7a72c-1950-42ad-b86a-18cea0bb740b,flashing.clinic,available,10.55,51.95,medium,low,8,spaceship,,,28/09/2026 19:14
6b69b431-da00-4c00-aa2f-71adafabb2ba,aqueduct.clinic,available,11.98,82.98,high,low,8,namecheap,,,19/09/2026 23:10
bec7cad9-116f-4812-a28a-a8a69b56693a,ailey.clinic,available,11.98,82.98,high,low,5,namecheap,,,17/09/2026 21:12
983a5546-eecd-48a4-8aa6-8963dc26a5f4,knightly.clinic,available,11.98,82.98,high,low,8,namecheap,,,12/08/2026 06:11
42322042-d07a-461f-8412-e44ff1d71cd4,welcoming.clinic,available,11.98,82.98,high,low,9,namecheap,,,13/09/2026 10:14
60d9db35-7d63-4f31-ad03-d36e317de5df,creates.clinic,available,20.99,64.99,medium,low,7,namesilo,,,25/09/2026 23:26
7ffea1e4-aaf1-48d4-8903-424083b7b159,afrikaans.clinic,available,11.98,82.98,medium,low,9,namecheap,,,
b884699b-c0d6-46fe-ae85-d42a066d5572,johnny.clinic,available,20.99,64.99,high,low,6,namesilo,,,25/09/2026 06:45
289751c5-4f6c-4b13-9efd-2ee0cc5d0d9b,enticing.clinic,available,20.99,64.99,high,low,8,namesilo,,,22/09/2026 01:41
117204f9-a158-453e-8c45-660ef558692d,plait.clinic,available,20.99,64.99,high,low,5,namesilo,,,24/09/2026 07:55
60ddcfd2-3167-4970-a8a3-5b0f75fdd352,infamous.clinic,available,11.98,82.98,medium,low,8,namecheap,,,21/08/2026 19:04
da372894-f674-4b5b-bc99-061d4addcba2,mcmuffin.clinic,available,19.99,,high,low,8,name.com,,,
3d45de28-c160-4b6d-8efb-4655a4c5c8e4,interfere.clinic,available,20.99,64.99,high,low,9,namesilo,,,28/09/2026 03:20
6400302e-227b-4582-aa18-a27b49c110ff,surveillance.clinic,available,20.99,64.99,high,low,12,namesilo,,,27/09/2026 08:40
5273ad98-bdab-4ae0-8c34-96e152bede41,farmington.clinic,available,10.81,52.01,medium,low,10,porkbun,,,28/09/2026 05:41
6c4a5f1e-5a4b-4129-ba45-3afe45fcda9a,paintpot.clinic,available,19.99,,medium,low,9,name.com,,,
48c3925d-e57d-4db6-bd81-186c56e022e7,visions.clinic,available,20.99,64.99,medium,low,7,namesilo,,,27/09/2026 23:41
612244bd-6c7b-435b-bfb4-3b825ef99521,named.clinic,available,19.99,,high,low,5,name.com,,,
6c93f9c0-bc39-4f3c-95c1-2360481848a6,ophthalmic.clinic,available,11.98,82.98,medium,low,10,namecheap,,,04/09/2026 16:33
5195f0ca-9bf3-4558-863c-710a962db28b,donkeys.clinic,available,20.99,64.99,medium,low,7,namesilo,,,20/09/2026 00:20
70ca3c1f-eeac-4722-99f4-93c48d50a33c,doze.clinic,available,20.99,64.99,high,low,4,namesilo,,,24/09/2026 23:43
f3bd86be-3427-420e-b438-4491077b6024,recumbent.clinic,available,11.98,82.98,medium,low,9,namecheap,,,
dbcc26e9-9352-43d3-b578-3e61e6e56e2f,herr.clinic,available,20.99,64.99,medium,low,4,namesilo,,,28/09/2026 10:03
8df3ee4f-9272-4af6-a044-1534adde08fb,altitude.clinic,available,20.99,64.99,high,low,8,namesilo,,,18/09/2026 14:29
32b9cafb-e0d5-4fd2-95e4-29af5f83b3d4,sculptural.clinic,available,11.98,82.98,medium,low,10,namecheap,,,25/08/2026 02:53
5988559f-b559-4df2-bff7-1486d7713479,caloric.clinic,available,11.98,82.98,high,low,7,namecheap,,,11/08/2026 15:07
eb9ebb15-9689-4c49-9d6b-4aa095c1d1e9,plebeian.clinic,available,11.98,82.98,medium,low,8,namecheap,,,08/09/2026 21:00
1aef2548-df8d-4bb9-ab3f-5d0fe586512c,branch.clinic,available,10.92,53.72,high,low,6,dynadot,,,29/09/2026 03:57
e75839bb-5fe2-4ea3-91fe-871ce83d438d,creatures.clinic,available,20.99,64.99,medium,low,9,namesilo,,,27/09/2026 03:06
9d5c0a82-8cc7-4b5b-b4e0-aa465e25cd24,agee.clinic,available,20.99,64.99,medium,low,4,namesilo,,,17/09/2026 16:52
f733d6e6-dfe6-4a65-b383-bfc6bc67b408,hostesses.clinic,available,20.99,64.99,medium,low,9,namesilo,,,20/09/2026 07:50
ab029757-f8ef-46a9-b38d-670a44cb9430,astutely.clinic,available,11.98,82.98,medium,low,8,namecheap,,,13/09/2026 22:20
c54a0b40-82b1-4003-85fd-12ccdcf2352d,enactment.clinic,available,20.99,64.99,medium,low,9,namesilo,,,17/09/2026 04:06
31075fcd-3384-4c23-9d53-aa45d00fda05,lover.clinic,available,20.99,64.99,high,low,5,namesilo,,,23/09/2026 10:15
3cb1b866-87e3-4653-9556-1f1783e91242,alienable.clinic,available,11.98,82.98,medium,low,9,namecheap,,,
84b219db-cd8f-457a-a893-f312d1be93a8,documentary.clinic,available,50.2,50.2,high,low,11,cloudflare,,,28/09/2026 04:30
d4d6846a-929e-458d-8f73-d485f76d2e50,dandily.clinic,available,11.98,82.98,medium,low,7,namecheap,,,14/09/2026 10:33
df97f494-5e84-4573-aa73-7b7d7ef46a0d,rumors.clinic,available,20.99,64.99,medium,low,6,namesilo,,,27/09/2026 09:37
04d41fb9-e0aa-4198-932a-3fc129067f3d,flagfish.clinic,available,11.98,82.98,medium,low,8,namecheap,,,18/09/2026 19:58
2ba10b31-04a5-4986-a3f9-1c5e648728ad,blossoming.clinic,available,11.98,82.98,high,low,10,namecheap,,,18/08/2026 09:04
186d8b60-6f3c-4b8a-9b9a-7f71a5ab35d5,wakefield.clinic,available,20.99,64.99,high,low,9,namesilo,,,25/09/2026 12:26
43978687-e8bc-4aa2-ad60-f518410d3b29,renee.clinic,available,20.99,64.99,medium,low,5,namesilo,,,28/09/2026 21:55
299f9d37-6b96-43d9-a6f8-560a874e37e1,acrophobia.clinic,available,20.99,64.99,medium,low,10,namesilo,,,17/09/2026 03:53
b4fc3334-304d-4934-afb6-ca1e94784cf8,rna.clinic,available,11.98,82.98,high,low,3,namecheap,,,25/09/2026 10:20
3303f788-a95e-444d-b0e3-b65b8cd71ae4,limber.clinic,available,11.98,82.98,high,low,6,namecheap,,,23/08/2026 11:08
b8e6c35f-b8b7-44f6-a827-0c6c9b0b8f2e,hone.clinic,available,11.98,82.98,high,low,4,namecheap,,,08/09/2026 16:29
15f2ab8f-c40c-4158-a6db-15d2952f109c,anonymity.clinic,available,20.99,64.99,high,low,9,namesilo,,,19/09/2026 11:38
1bf53678-5dae-44ed-92e5-ad22499169c3,jacob.clinic,available,20.99,64.99,high,low,5,namesilo,,,25/09/2026 22:52
a670049e-338a-425c-987f-a4f69cdb3a90,him.clinic,premium,118.8,118.8,high,low,3,namesilo,,,
6f0c6540-3b51-4179-a5ea-ce8841960f28,fondly.clinic,available,11.98,82.98,high,low,6,namecheap,,,14/09/2026 19:12
d6578ca9-363f-4dbf-b96e-ba2c5cde94f6,bringing.clinic,available,10.81,52.01,high,low,8,porkbun,,,29/09/2026 04:22
0c0cb6d1-b026-41ce-9e86-a2d214183895,sinusoidal.clinic,available,11.98,82.98,high,low,10,namecheap,,,10/09/2026 08:42
4560ca9f-bfbc-42e4-aded-fb68004876bd,confluent.clinic,available,11.98,82.98,high,low,9,namecheap,,,12/08/2026 21:07
1b6c6501-d50f-4b53-ad36-f31beb6b2c35,sweltering.clinic,available,11.98,82.98,medium,low,10,namecheap,,,11/09/2026 05:40
74e1b2e3-f470-4b52-a3e4-69414854529c,cloze.clinic,available,11.98,82.98,medium,low,5,namecheap,,,12/08/2026 12:54
64e6dbb6-92ee-4899-bed6-62e5cf5a374f,communist.clinic,available,20.99,64.99,high,low,9,namesilo,,,23/09/2026 16:14
c670a9fa-ceb1-4aa9-8227-1f56632b3504,parties.clinic,available,20.99,64.99,medium,low,7,namesilo,,,17/09/2026 10:18
d71f34b3-8467-4060-a883-7f3adcbdcd2c,mayor.clinic,available,20.99,64.99,high,low,5,namesilo,,,24/09/2026 15:10
9bd53099-753a-4912-9a51-2cb9b47bbc81,estelle.clinic,available,10.55,51.95,medium,low,7,spaceship,,,29/09/2026 03:59
3e598078-096a-40e3-8c40-5f0b6290e0c0,appealing.clinic,available,11.98,82.98,high,low,9,namecheap,,,06/08/2026 05:51
8f5e9330-b243-499f-9d50-0bc59f00483d,argyle.clinic,available,20.99,64.99,high,low,6,namesilo,,,20/09/2026 04:57
d8a1c68f-8489-4639-9414-901d95872249,phlegmatic.clinic,available,11.98,82.98,medium,low,10,namecheap,,,08/09/2026 18:53
6c6d88d3-e056-439a-84d4-e6079ddab7ef,use.clinic,premium,118.8,118.8,high,low,3,namesilo,,,
f7301f9c-7386-40b4-bf8a-d47c30ad4937,paintable.clinic,available,11.98,82.98,medium,low,9,namecheap,,,04/09/2026 23:06
0e4d9324-b223-4c2e-81e9-63e6add688e0,dew.clinic,premium,118.8,118.8,high,low,3,namesilo,,,
294bcc8c-7037-49e4-90b2-f7a78f863f6c,wellington.clinic,resell,,,high,low,10,Mesh Digital Limited,30/08/2014 18:48,30/08/2027 18:48,26/09/2026 10:07
9baff567-17e9-4408-8868-3b6dcc698dd7,oppose.clinic,available,19.99,,high,low,6,name.com,,,
6da18c00-880f-4034-9780-c0c7608684a4,avellan.clinic,available,11.98,82.98,medium,low,7,namecheap,,,07/08/2026 22:24
595bab40-6ace-4e66-bb55-ed17c797945c,bicycling.clinic,available,20.99,64.99,high,low,9,namesilo,,,23/09/2026 13:28
677eef28-ed39-42a5-9ac4-869045a5243a,pasta.clinic,available,50.2,50.2,high,low,5,cloudflare,,,28/09/2026 20:26
462e7014-0398-4edc-b7c3-3b949d7dcbab,glances.clinic,available,20.99,64.99,medium,low,7,namesilo,,,18/09/2026 02:11
ad48060d-48b6-447a-8669-0c7a208ca76d,prideful.clinic,available,11.98,82.98,medium,low,8,namecheap,,,17/08/2026 19:48
fd921ebb-a503-4f69-b831-37b2c8d860b6,carbonara.clinic,available,20.99,64.99,high,low,9,namesilo,,,24/09/2026 12:46
a184fbc3-01ed-4f0e-af89-4b7f1b454992,alummah.clinic,available,11.98,82.98,medium,low,8,namecheap,,,18/09/2026 01:08
b21d8f55-a082-4eaa-aba0-8888123817b8,conference.clinic,available,19.99,,high,low,10,name.com,,,
df43d1c2-14cd-47c6-861a-54fd6c8d0a2d,undeserved.clinic,available,11.98,82.98,medium,low,10,namecheap,,,12/09/2026 07:43
f0aecd68-5213-4b2d-b933-44803019c538,sharply.clinic,available,10.55,51.95,medium,low,7,spaceship,,,27/09/2026 20:32
3c4b60fe-bae8-4f0a-8e01-1f850caffac6,cracked.clinic,available,20.99,64.99,high,low,7,namesilo,,,22/09/2026 01:30
c1057bfe-7fbd-4086-a568-9a61a67f7669,jihadi.clinic,available,11.98,82.98,medium,low,6,namecheap,,,22/08/2026 13:21
293e6442-c2bb-40fd-bf14-01551f964c31,leathery.clinic,available,11.98,82.98,medium,low,8,namecheap,,,13/08/2026 01:13
7e1a3362-d764-47f3-9918-f4822320757d,citibank.clinic,available,,,high,medium,8,,,,
b68455bb-28a5-44ef-b804-0b5fc928fde2,cane.clinic,available,19.99,,high,low,4,name.com,,,
ab95f809-3bec-4b86-bc75-d05548aff6e9,machinery.clinic,available,20.99,64.99,high,low,9,namesilo,,,28/09/2026 05:39
83f7f0a0-c7f8-46f7-9b48-dc61e81a32ea,maiden.clinic,available,11.98,82.98,high,low,6,namecheap,,,22/08/2026 05:32
849defd9-797d-4142-a957-1b5fc0f191c3,viet.clinic,available,11.98,82.98,high,low,4,namecheap,,,27/09/2026 07:07
63d6c698-16ef-46dc-a095-efae4ab93711,geese.clinic,available,19.99,,medium,low,5,name.com,,,
5879a2f7-b7bd-4929-96d8-700e25bae799,sweeps.clinic,available,20.99,64.99,medium,low,6,namesilo,,,18/09/2026 07:58
017073d1-7263-4704-b0c6-ecfc1ef509ea,grands.clinic,available,20.99,64.99,high,low,6,namesilo,,,20/09/2026 04:57
4dd689da-b0b8-4dc8-bd1e-d3cf8f518035,agnomen.clinic,available,20.99,64.99,medium,low,7,namesilo,,,17/09/2026 18:44
57e713f8-d8cc-4a0e-8c1e-603ae99ceb1a,yan.clinic,available,20.99,64.99,medium,low,3,namesilo,,,29/09/2026 04:27
d4c619c5-2135-476b-be93-1fb005e21066,long.clinic,available,11.98,82.98,high,low,4,namecheap,,,24/09/2026 21:14
0e1d8f9a-bc46-471e-9b2c-8d04bdb8dafd,diane.clinic,available,11.98,82.98,high,low,5,namecheap,,,25/09/2026 19:09
a69441ac-33ad-4ccc-8211-38e872ddff8f,hancock.clinic,available,20.99,64.99,high,low,7,namesilo,,,25/09/2026 06:51
39b93965-4448-42ae-9642-597b23ca60b0,anosmic.clinic,available,11.98,82.98,medium,low,7,namecheap,,,
368277dc-7493-41a2-8bd2-3a2c6da2f9c2,poll.clinic,available,19.99,,high,low,4,name.com,,,
8119a1ea-72c8-4b07-a465-686eef986e51,bedbug.clinic,available,20.99,64.99,medium,low,6,namesilo,,,22/09/2026 22:45
187f6a76-4849-4d86-a2cd-6e9c34b362c4,macedonia.clinic,available,19.99,,high,high,9,name.com,,,
270af4a6-1507-410f-8ec0-0b7855fff70a,lust.clinic,available,19.99,,high,low,4,name.com,,,
24e7add9-0bbb-43d0-aadd-6b074b6f766a,stark.clinic,available,20.99,64.99,high,medium,5,namesilo,,,22/09/2026 13:23
ba793c1d-6838-447a-8132-43c3047ba1ee,susie.clinic,available,11.98,82.98,medium,low,5,namecheap,,,28/09/2026 16:25
942536fa-d672-4962-b5c4-a43cdac94e56,fireworks.clinic,available,10.55,51.95,high,low,9,spaceship,,,27/09/2026 21:35
582fd52c-5baa-4f9d-8423-45a52df19723,carriage.clinic,available,20.99,64.99,high,low,8,namesilo,,,29/09/2026 00:08
214864ae-309b-4bb6-a352-b7d3fda54a05,larger.clinic,available,11.98,82.98,high,low,6,namecheap,,,22/09/2026 20:38
17dda6fb-5548-4566-80b5-5cd560f5f6c3,loopy.clinic,available,11.98,82.98,medium,low,5,namecheap,,,06/08/2026 21:22
521c48d6-1290-4f34-955b-61db244ad906,continent.clinic,available,11.98,82.98,high,low,9,namecheap,,,11/08/2026 23:26
140ce935-9b1e-4bb1-8b8f-d1f18d5c6957,alchemical.clinic,available,11.98,82.98,medium,low,10,namecheap,,,
ed68fefb-9286-4734-9246-14a4d6bb476e,axile.clinic,available,11.98,82.98,medium,low,5,namecheap,,,08/08/2026 01:56
e61aa96b-35b0-4454-a977-cf80857d0ed2,shellproof.clinic,available,11.98,82.98,medium,low,10,namecheap,,,10/08/2026 18:11
bb5f180c-08fa-4056-b0b1-ce9ce3995719,venezuelan.clinic,available,11.98,82.98,high,low,10,namecheap,,,13/09/2026 02:04
1f87425b-d395-49a4-ab68-66ea586e6532,atrophy.clinic,available,11.98,82.98,high,low,7,namecheap,,,13/09/2026 12:50
842d9a34-2ed1-40f9-b40e-b8861b7eaedc,funicular.clinic,available,11.98,82.98,medium,low,9,namecheap,,,18/08/2026 18:41
1e3d9c51-b5de-4230-a794-95d65db4d17f,crossly.clinic,available,11.98,82.98,low,low,7,namecheap,,,14/09/2026 09:42
f315c961-5d29-4b0b-a3c4-d6b52a7c32f0,goats.clinic,available,20.99,64.99,medium,low,5,namesilo,,,29/09/2026 04:56
0ee561c2-fa3e-4295-9b4c-d8e6204997dc,immanent.clinic,available,11.98,82.98,medium,low,8,namecheap,,,21/08/2026 20:50
240b1926-7b27-4516-8116-82cbff8e23a2,sioux.clinic,available,11.98,82.98,high,low,5,namecheap,,,10/09/2026 08:46
325ab8ea-5483-4b5e-8aff-57bfdc3d41ac,verse.clinic,available,19.99,,high,low,5,name.com,,,
3ab23178-788f-4288-9588-8a86facf0d42,methodist.clinic,available,11.98,82.98,high,low,9,namecheap,,,24/08/2026 21:58
3631276d-21a7-479e-a416-e8cdbbbeb5d3,jake.clinic,available,20.99,64.99,high,medium,4,namesilo,,,25/09/2026 12:03
b2158a6e-8e2e-4eb8-b253-953c427a03ca,sized.clinic,available,11.98,82.98,high,low,5,namecheap,,,10/09/2026 09:15
d39896dc-6fd8-4b61-9db5-635d137f84c8,snipefish.clinic,available,11.98,82.98,medium,low,9,namecheap,,,23/09/2026 06:28
3c98ec68-81ae-4a8b-ab25-c6da9c001899,reluctant.clinic,available,11.98,82.98,medium,low,9,namecheap,,,24/08/2026 08:21
1e9a9c87-1387-4451-8e62-da615d0f736d,uncaused.clinic,available,11.98,82.98,medium,low,8,namecheap,,,18/08/2026 12:45
5636a460-3191-4032-9c6e-6012f5317a03,undefiled.clinic,available,11.98,82.98,medium,low,9,namecheap,,,12/09/2026 06:15
c23db28f-1cf5-4f5b-9ae2-d7608a6c6482,leaden.clinic,available,11.98,82.98,medium,low,6,namecheap,,,22/08/2026 21:44
62b11cd4-6c11-4f23-aba3-be2ec5ffdac8,mistreat.clinic,available,11.98,82.98,medium,low,8,namecheap,,,16/09/2026 19:06
41410ad2-ccb7-4240-a0cd-13d940ba14d7,scabby.clinic,available,11.98,82.98,medium,low,6,namecheap,,,09/09/2026 22:13
92ce6054-8a1f-41ed-8652-031a323aad99,febrile.clinic,available,11.98,82.98,medium,low,7,namecheap,,,18/08/2026 00:27
1aa07522-64f9-48ef-a1c1-2af5895f24d3,mediaeval.clinic,available,11.98,82.98,medium,low,9,namecheap,,,24/08/2026 18:49
0631c7b5-e3a0-4a97-816f-85726b06bde0,support.clinic,premium,118.8,118.8,high,medium,7,namesilo,,,08/09/2026 07:15
0ad76e59-f516-41ab-b7b9-51cd32b7f6ed,persistence.clinic,available,19.99,,high,low,11,name.com,,,
d244aebe-0777-4c23-96d3-4141c922a853,nigh.clinic,available,11.98,82.98,medium,low,4,namecheap,,,12/08/2026 12:04
02b9b990-39ec-4881-9db7-2ac34c6d6f9d,gas.clinic,premium,242,242,high,low,3,namesilo,,,23/09/2026 01:57
d06c32b8-0000-4ac4-9f68-79a913edc420,sterilised.clinic,available,11.98,82.98,medium,low,10,namecheap,,,10/09/2026 20:13
683b5e03-c611-4a62-b561-45b2f1abaa0a,worlds.clinic,available,20.99,64.99,high,low,6,namesilo,,,18/09/2026 17:40
9d02404b-0feb-4f2d-b948-f9bcad347542,abstract.clinic,available,20.99,64.99,high,low,8,namesilo,,,21/09/2026 15:10
cf4ff034-d785-4067-ab14-917f6eaa1a81,needfully.clinic,available,11.98,82.98,medium,low,9,namecheap,,,15/09/2026 16:20
77f6a575-dab1-4d59-ac38-aa824470ee5b,blackface.clinic,available,20.99,64.99,medium,low,9,namesilo,,,24/09/2026 02:15
222b4802-b350-429a-bc83-4ee113b4fb32,merrick.clinic,available,20.99,64.99,medium,low,7,namesilo,,,28/09/2026 16:40
dc96d63e-a135-4077-91be-7ba589386a4f,dependant.clinic,available,11.98,82.98,medium,low,9,namecheap,,,14/08/2026 02:08
a22d3143-a1b0-4be6-a8f8-3d5cbc94e6b1,located.clinic,available,20.99,64.99,high,low,7,namesilo,,,25/09/2026 14:10
d45bf54a-8643-44de-857a-8f04db5fce05,jessie.clinic,available,20.99,64.99,high,low,6,namesilo,,,25/09/2026 11:53
bc48795a-2d4f-4e6f-bb7d-6a317e60b699,analyst.clinic,available,20.99,64.99,high,low,7,namesilo,,,28/09/2026 07:53
73ed20ed-3603-43f9-8b9e-8ca25002941f,peafowl.clinic,available,11.98,82.98,high,low,7,namecheap,,,23/09/2026 20:05
da3d7f0a-1026-4c96-a80e-45b55ce0fde1,basketry.clinic,available,20.99,64.99,medium,low,8,namesilo,,,22/09/2026 11:28
d240e544-12cd-4f63-94f2-aed19df8ae98,exogenic.clinic,available,11.98,82.98,medium,low,8,namecheap,,,17/08/2026 17:34
dc082526-4782-49e7-b4dc-66ac618682ee,bedtime.clinic,available,20.99,64.99,high,low,7,namesilo,,,22/09/2026 23:43
bc90f49b-a929-400f-aeab-4d62c4a8140f,nourished.clinic,available,11.98,82.98,high,low,9,namecheap,,,03/09/2026 22:12
4938fe18-c3b3-44f8-b005-efd38fd16577,sustained.clinic,available,11.98,82.98,high,low,9,namecheap,,,18/08/2026 14:51
b82aba35-a7d9-4889-a562-fc90629bbd74,bitters.clinic,available,20.99,64.99,medium,low,7,namesilo,,,23/09/2026 23:09
f23fdac6-938c-45d9-8ef9-d69a1d3ccbd3,himalayan.clinic,available,11.98,82.98,high,low,9,namecheap,,,21/08/2026 09:25
80dc6ed7-1d17-401a-ab21-7f861c8006b3,welles.clinic,available,20.99,64.99,high,low,6,namesilo,,,27/09/2026 04:13
811d6cb1-e478-458e-b7c0-d9840ad3d367,arguing.clinic,available,20.99,64.99,medium,low,7,namesilo,,,20/09/2026 04:50
270b73f2-0d64-49ad-a206-60cf3c2ddfe4,lividity.clinic,available,20.99,64.99,medium,low,8,namesilo,,,17/09/2026 00:59
0ad6a2f5-4041-4243-b2ed-11e641810cf7,breads.clinic,available,20.99,64.99,medium,low,6,namesilo,,,18/09/2026 04:07
17aac855-92a2-4339-9e8b-3b0c65348002,startling.clinic,available,11.98,82.98,medium,low,9,namecheap,,,10/09/2026 19:02
4dad4163-fabd-4c32-8ce2-f5681dd08129,foucault.clinic,available,50.2,50.2,medium,low,8,cloudflare,,,28/09/2026 19:15
0afe4e2d-6503-4260-8239-c80abd81ec00,archer.clinic,available,20.99,64.99,high,low,6,namesilo,,,20/09/2026 01:54
4cdd5ba8-f076-41fb-9910-653dfb533a4f,comically.clinic,available,11.98,82.98,medium,low,9,namecheap,,,14/09/2026 07:31
a25ea438-d4cf-4e27-a31c-84b5795c42c8,milwaukee.clinic,premium,118.8,118.8,high,low,9,namesilo,,,29/09/2026 01:40
7404ecb1-0489-4303-9e2c-25c7b5a0ebda,windblown.clinic,available,11.98,82.98,medium,low,9,namecheap,,,13/09/2026 12:08
ee062787-0edb-4bd8-b155-7d9821da8fc0,macrocosm.clinic,available,11.98,82.98,high,low,9,namecheap,,,13/09/2026 13:17
df0a280f-70a9-4f7a-99d0-b1c7ab9ec0ee,ren.clinic,available,50.2,50.2,high,low,3,cloudflare,,,29/09/2026 02:51
4c6483cf-a3a5-42ac-bffb-60e441543b6a,uml.clinic,available,19.99,,high,low,3,name.com,,,
2705c3ce-ac19-479c-9194-1d20ff50ecec,widespread.clinic,available,11.98,82.98,high,low,10,namecheap,,,24/09/2026 16:57
a9129950-a4ee-4571-9cd2-198356938a77,seeks.clinic,available,10.92,53.72,medium,low,5,dynadot,,,28/09/2026 23:37
84b77e29-23e7-4455-b702-4dd48fbc03a9,policy.clinic,available,19.99,,high,low,6,name.com,,,
5050233e-38ec-4ef7-ad10-0fe208d7ce98,akvavit.clinic,available,20.99,64.99,medium,low,7,namesilo,,,18/09/2026 00:17
4cc12dfb-2fad-4ef5-9b5a-8e96741acb4e,stacey.clinic,available,10.92,53.72,medium,low,6,dynadot,,,28/09/2026 07:44
a61c71af-9198-4bd9-a4a4-e2896d08b921,unlike.clinic,available,10.81,52.01,high,low,6,porkbun,,,28/09/2026 09:47
b37364f8-b463-41be-932e-807688b3854d,andradite.clinic,available,20.99,64.99,medium,low,9,namesilo,,,19/09/2026 04:09
800dec5a-1448-4e67-b9e6-3a3ee69b75d0,alphonse.clinic,available,10.92,53.72,medium,low,8,dynadot,,,28/09/2026 21:53
029ed4a5-0dda-483f-b5cf-e6ba12d7aa58,sanative.clinic,available,11.98,82.98,medium,low,8,namecheap,,,
02ebb518-c4d2-4182-b442-4cf4ccd1c775,sniffy.clinic,available,11.98,82.98,medium,low,6,namecheap,,,21/08/2026 01:27
489950ac-a19e-4a17-b7bc-b80bed21a543,hygiene.clinic,premium,78.54,78.54,high,low,7,namesilo,,,29/09/2026 01:19
df9520b7-6328-4fcf-b2c3-44ba3b627d6d,coffeecake.clinic,available,19.99,,high,low,11,name.com,,,
3fcbbe06-8967-4070-ada3-2863bce68912,paso.clinic,available,20.99,64.99,medium,low,4,namesilo,,,29/09/2026 03:36
7947c1c7-45de-43a0-a3e2-82c883452a73,padded.clinic,available,11.98,82.98,high,low,6,namecheap,,,13/08/2026 11:57
350ffb13-44ae-4e3a-8e8e-747f1dad792d,trophic.clinic,available,11.98,82.98,medium,low,7,namecheap,,,11/09/2026 20:22
28e73078-d37c-49c7-9643-1f2e74a7571c,fairness.clinic,available,20.99,64.99,high,low,8,namesilo,,,22/09/2026 22:20
0020bded-d022-4138-a85d-a413fe1dcd1f,pci.clinic,available,10.55,51.95,high,low,3,spaceship,,,28/09/2026 11:26
94963e49-3cd4-4a24-ba39-07b9cf806702,vendue.clinic,available,20.99,64.99,medium,low,6,namesilo,,,21/09/2026 02:46
7aa242e0-d852-444d-a932-1cf69fc698d1,baseball.clinic,premium,242,242,high,low,8,namesilo,,,29/09/2026 01:20
68d3d425-9e9c-4f02-bfdf-19ab896672b0,impelling.clinic,available,11.98,82.98,medium,low,9,namecheap,,,21/08/2026 22:04
ecfd41dd-676a-4c20-9ebb-f42eced68665,shoplift.clinic,available,19.99,,medium,low,8,name.com,,,
343fb710-2a1d-4fbb-b7b3-7a5937a3e730,manson.clinic,available,10.92,53.72,high,low,6,dynadot,,,28/09/2026 02:18
ec233bfa-c11c-4a63-ab97-cb9324c733a5,sandra.clinic,available,20.99,64.99,high,low,6,namesilo,,,27/09/2026 22:38
22dcb111-0f68-4880-85a3-26849627b064,basilica.clinic,available,20.99,64.99,medium,low,8,namesilo,,,22/09/2026 10:49
747dd481-1931-4c4e-bba1-ce09cb2d0cd3,aquatics.clinic,available,11.98,82.98,high,low,8,namecheap,,,19/09/2026 23:08
503fdf7c-2a82-44b3-b011-8458d284cd4e,bespoken.clinic,available,11.98,82.98,medium,low,8,namecheap,,,09/08/2026 17:31
4490cabd-8ee2-4c66-8860-eaf7346c2609,tyrant.clinic,available,11.98,82.98,medium,low,6,namecheap,,,21/09/2026 06:08
4fb543db-6687-4379-bfaa-ca178c0e61a8,vessel.clinic,available,11.98,82.98,high,low,6,namecheap,,,27/09/2026 16:11
fe75026f-9a85-44eb-8745-4a755905188c,birthmark.clinic,available,11.98,82.98,medium,low,9,namecheap,,,23/09/2026 21:13
01d6353c-9928-46da-a36b-f8705630952d,scurvy.clinic,available,11.98,82.98,medium,low,6,namecheap,,,
ff02735f-f4fb-434b-a421-585532e5c0cd,humongous.clinic,available,11.98,82.98,medium,low,9,namecheap,,,08/08/2026 12:58
98d97241-5c7e-4879-871b-450e49b9c120,zig.clinic,premium,118.8,118.8,high,low,3,namesilo,,,13/09/2026 15:15
11bdfeb2-9929-42cc-9960-358bc586f331,hackmatack.clinic,available,20.99,64.99,medium,low,10,namesilo,,,22/09/2026 00:09
6b8fc2a1-e80b-445f-81e0-b5ea5c75b6c8,mid.clinic,premium,78.54,78.54,high,low,3,namesilo,,,
a1462a5f-6cf5-4910-b82a-f7ba640be711,appreciation.clinic,available,19.99,,high,low,12,name.com,,,
f8087a54-6a99-4fa2-b133-52222974e975,styleless.clinic,available,11.98,82.98,low,low,9,namecheap,,,10/09/2026 23:15
ce4b86c3-4fe5-4f68-b145-a64fd5d648a7,akkadian.clinic,available,20.99,64.99,medium,low,8,namesilo,,,18/09/2026 00:10
c852da0d-a8f5-4da9-b1c6-355025359b72,banff.clinic,available,11.98,82.98,medium,low,5,namecheap,,,22/09/2026 01:44
e3b90ee4-090c-40bf-adc5-827b3d0ad3b9,oswald.clinic,available,20.99,64.99,high,low,6,namesilo,,,25/09/2026 08:53
eefb583f-6315-4cb7-9a7a-d8c5e92aeef0,gloria.clinic,available,20.99,64.99,high,low,6,namesilo,,,27/09/2026 02:39
86aeb0de-747b-422d-9ba3-0d3d30cfa08c,uuh.clinic,available,11.98,82.98,medium,low,3,namecheap,,,20/09/2026 22:22
98f3d720-b180-4212-b837-de23feee7293,muriel.clinic,available,20.99,64.99,medium,low,6,namesilo,,,28/09/2026 12:06
c6781ab3-613a-4f98-9ded-ea3ad138d39b,argentic.clinic,available,11.98,82.98,medium,low,8,namecheap,,,06/08/2026 18:06
0b406bf9-f218-40af-8852-763b170d087b,passed.clinic,available,19.99,,medium,low,6,name.com,,,
128b659f-265c-4a77-9a56-7cd1c98e21b1,eve.clinic,premium,118.8,118.8,high,medium,3,namesilo,,,24/09/2026 15:30
cd2caa3c-8c9e-4150-b615-d91080e95fac,solved.clinic,available,11.98,82.98,high,low,6,namecheap,,,10/09/2026 13:46
8cd4ed99-aeda-4ccf-b55e-bffbaa170ed4,east.clinic,available,20.99,64.99,high,low,4,namesilo,,,24/09/2026 13:07
f049fbda-d3e5-44f7-b1ce-f15f35f7467b,ladder.clinic,available,19.99,,high,low,6,name.com,,,
cfc0b075-6e90-4f46-8e91-8def7900834b,bituminous.clinic,available,11.98,82.98,high,low,10,namecheap,,,10/08/2026 08:53
9c2ca41d-19bb-49bf-9d86-1e234909672e,undyed.clinic,available,11.98,82.98,medium,low,6,namecheap,,,12/09/2026 02:08
20d0fd60-b159-4adf-bf66-19fbea524474,opportunity.clinic,available,20.99,64.99,high,low,11,namesilo,,,27/09/2026 02:17
16104dff-739c-4f1e-88dc-420944eb1442,professionals.clinic,available,20.99,64.99,high,low,13,namesilo,,,28/09/2026 12:40
d9c8aa0f-a26c-4fdc-a47f-ce2e999f3642,vicinity.clinic,available,11.98,82.98,high,low,8,namecheap,,,28/09/2026 19:41
9548e398-442b-48ed-9fea-647cfcba7520,beltway.clinic,available,20.99,64.99,high,low,7,namesilo,,,23/09/2026 07:15
8a85d46e-5717-41e2-9088-392efe64b30f,follower.clinic,available,19.99,,high,low,8,name.com,,,
6df36a16-e356-41db-9381-0ad7e853b272,talkative.clinic,available,11.98,82.98,high,low,9,namecheap,,,09/08/2026 21:05
485a0eca-6a0f-46de-a68d-9222681f488b,cries.clinic,available,11.98,82.98,low,low,5,namecheap,,,28/09/2026 08:31
9655e4d3-4921-43fc-bff8-78faf0ab9900,surge.clinic,available,20.99,64.99,high,low,5,namesilo,,,23/09/2026 16:36
030db042-358b-406d-a77b-40e7d5513ab3,nutrients.clinic,available,20.99,64.99,medium,low,9,namesilo,,,21/09/2026 00:14
59d46013-bb2a-40bd-819a-b784a63a6414,dazzled.clinic,available,19.99,84.99,medium,low,7,name.com,,,13/08/2026 18:57
4dba7fc1-0a5f-41da-9108-c7f319d90c3a,tongan.clinic,available,11.98,82.98,high,low,6,namecheap,,,11/09/2026 17:06
7195bfe5-6a10-4dc2-a995-88da6d77045a,skipjack.clinic,available,11.98,82.98,medium,low,8,namecheap,,,20/09/2026 21:35
ba945854-a966-4ad2-b9a8-d52f83e1115d,lipoma.clinic,available,20.99,64.99,medium,low,6,namesilo,,,17/09/2026 08:18
d9288d7b-3425-4815-9b28-82309e074e12,reassuring.clinic,available,11.98,82.98,high,low,10,namecheap,,,09/09/2026 11:14
d3859582-e7b0-409e-a5d4-7b8ac1a4addc,many.clinic,available,20.99,64.99,high,low,4,namesilo,,,25/09/2026 16:43
86ebc3e7-900a-4ebd-91bc-b4ab456a41ba,searched.clinic,available,20.99,64.99,medium,low,8,namesilo,,,18/09/2026 02:50
36a0efc2-b7d6-4600-bb17-0ee88f42de47,unsolved.clinic,available,11.98,82.98,medium,low,8,namecheap,,,12/09/2026 18:23
110fbad3-fd5a-403a-a743-2d542be1610a,het.clinic,available,11.98,82.98,medium,low,3,namecheap,,,21/08/2026 02:20
ea0626b8-4808-4733-8ec9-d90abc95bce6,odium.clinic,available,20.99,64.99,medium,low,5,namesilo,,,16/09/2026 15:27
0fcba781-8365-4599-b22e-7d298a921b59,lao.clinic,available,11.98,82.98,high,low,3,namecheap,,,22/08/2026 19:34
2647627c-055a-4db1-8f90-01057fa31fc3,chasing.clinic,available,20.99,64.99,high,low,7,namesilo,,,27/09/2026 06:54
be8e731d-da3e-42a9-8369-278f01d43063,caisson.clinic,available,20.99,64.99,medium,low,7,namesilo,,,18/09/2026 22:17
a83cb384-7b47-4077-bea3-061949c2d1e2,glibly.clinic,available,11.98,82.98,medium,low,6,namecheap,,,14/09/2026 21:34
94c7ac01-dca5-46a2-a1fc-68a13c9049ca,congratulations.clinic,available,19.99,,high,low,15,name.com,,,
02293a1a-794c-4d3c-9d43-5db328222363,gunfire.clinic,available,50.2,50.2,medium,low,7,cloudflare,,,28/09/2026 19:24
b0db91e7-d30e-4d50-9ab1-bba2c0e3aa1b,goofy.clinic,available,11.98,82.98,medium,low,5,namecheap,,,12/08/2026 14:50
5e975466-509b-40be-bcca-4281f54da565,unattended.clinic,available,11.98,82.98,medium,low,10,namecheap,,,12/09/2026 01:17
c655e411-af61-4817-8bf7-dc354c515fe9,unflavored.clinic,available,11.98,82.98,medium,low,10,namecheap,,,03/09/2026 19:15
3e0fd9f8-a107-40bf-b939-3c5e0b785e3b,authority.clinic,available,20.99,64.99,high,low,9,namesilo,,,17/09/2026 17:02
ad865920-d0f0-4df9-a1b2-150709de61ad,warty.clinic,available,11.98,82.98,medium,low,5,namecheap,,,13/09/2026 04:24
4aa5fcd1-9ed2-4b43-a816-973f5de71059,corpse.clinic,available,20.99,64.99,medium,low,6,namesilo,,,25/09/2026 22:01
8002e3f1-30bb-41d0-9748-cea0b1f87293,baryta.clinic,available,20.99,64.99,medium,low,6,namesilo,,,22/09/2026 09:42
ed3e0b0f-661a-446c-9b84-c8e513c0ecf4,bahreini.clinic,available,11.98,82.98,medium,low,8,namecheap,,,08/08/2026 08:41
299b8dec-ec9c-4adc-916d-f5a7b685fb95,favour.clinic,available,20.99,64.99,high,low,6,namesilo,,,25/09/2026 05:51
fcf00f1e-51fb-4cf3-a077-487db5776b2c,illusory.clinic,available,11.98,82.98,medium,low,8,namecheap,,,21/08/2026 20:15
75bac4c6-d744-4bce-ac23-4899bb807a9b,forcing.clinic,available,10.55,51.95,medium,low,7,spaceship,,,28/09/2026 12:56
4e9aaf14-0b9e-4559-a97f-f8bd6d31a8d9,campestral.clinic,available,11.98,82.98,medium,low,10,namecheap,,,11/08/2026 16:05
29c384bc-ae52-49b5-b9d0-c957c4bc7ea2,richards.clinic,available,11.98,82.98,high,low,8,namecheap,,,25/09/2026 07:42
a95f2227-1c4d-4d3f-8e1d-b8c5deb8e3df,executed.clinic,available,11.98,82.98,high,low,8,namecheap,,,17/08/2026 16:55
c7145466-8236-473e-a666-105a21e2d6bf,reader.clinic,available,19.99,,high,low,6,name.com,,,
d7b3399b-bb26-4f37-9e21-a5d9bc1d4ef3,slick.clinic,available,11.98,82.98,high,low,5,namecheap,,,24/09/2026 02:25
0793a088-b748-482b-9aa6-910a7fd9eec9,heating.clinic,available,11.98,82.98,high,low,7,namecheap,,,13/09/2026 08:24
d0fc12b3-ab5f-45ee-b4ba-38d7be0a077b,recreate.clinic,available,20.99,64.99,high,low,8,namesilo,,,24/09/2026 14:10
8cb0ff87-a967-46a4-ab63-015d62fb7f3a,skateboarding.clinic,available,19.99,,medium,low,13,name.com,,,
a99f99fe-a5cb-4456-bc02-d8b69eefdc5c,glary.clinic,available,11.98,82.98,medium,low,5,namecheap,,,10/08/2026 13:49
764b55db-b66c-4aa0-842b-26ed7e0aa5e5,neon.clinic,available,11.98,82.98,high,medium,4,namecheap,,,20/09/2026 21:55
e0bfea26-b0f1-4c1b-b11f-ad78a1d07469,beading.clinic,available,,,high,low,7,,,,22/09/2026 19:27
d82a95ed-9c0b-42b0-b978-bf355999beb0,tacitly.clinic,available,11.98,82.98,medium,low,7,namecheap,,,16/09/2026 07:43
751cca0b-6f42-4b00-90bc-eae902ac2a9c,cinematic.clinic,available,11.98,82.98,high,low,9,namecheap,,,12/08/2026 08:13
3e2b9678-4963-447d-86f6-a5e3924b0da3,occasional.clinic,available,20.99,64.99,medium,low,10,namesilo,,,28/09/2026 11:16
66cfdb80-6132-4381-bf4f-74e214363172,mauve.clinic,available,11.98,82.98,high,low,5,namecheap,,,24/08/2026 17:37
3059231d-8718-4334-b917-80d3f04966dd,diva.clinic,available,19.99,,high,low,4,name.com,,,
c149e864-c084-4100-95f6-950752ab7d62,acromion.clinic,available,20.99,64.99,medium,low,8,namesilo,,,17/09/2026 03:49
fcaf9581-a67b-4bf9-8afd-decf6d6e7cb3,catch.clinic,available,10.55,51.95,high,low,5,spaceship,,,28/09/2026 22:15
99191b9f-10c3-477f-aecc-28be127550b6,anglophile.clinic,available,20.99,64.99,medium,low,10,namesilo,,,19/09/2026 06:52
59f0d8dc-2246-495f-9eb7-cb52084caa97,ixl.clinic,available,11.98,82.98,medium,low,3,namecheap,,,
b6335ee4-edb3-4880-b8b7-255e411a89d3,fema.clinic,available,11.98,82.98,medium,low,4,namecheap,,,29/09/2026 00:53
82f996a5-9558-4cb3-b8e5-a5a0821d1256,unattached.clinic,available,11.98,82.98,medium,low,10,namecheap,,,18/08/2026 14:48
114d7e8b-4255-4380-b917-b66d70b172ef,adar.clinic,available,20.99,64.99,medium,low,4,namesilo,,,17/09/2026 06:32
88f61e78-77b1-4a14-bc33-6a3ca39c0b27,smoothen.clinic,available,11.98,82.98,high,low,8,namecheap,,,08/09/2026 23:04
5d2648d5-bf2b-4414-8b86-92f558065e13,anew.clinic,available,11.98,82.98,high,low,4,namecheap,,,13/09/2026 18:03
0d8df42f-313d-4907-9e5f-d4fc4c219d97,sportsperson.clinic,available,20.99,64.99,high,low,12,namesilo,,,16/09/2026 08:58
b7bb0789-b606-441a-a5d0-fdd2b876d24a,polemic.clinic,available,11.98,82.98,medium,low,7,namecheap,,,08/09/2026 22:51
2fbd8265-17a9-406f-9dbd-21f4b4f9f6ce,clinical.clinic,premium,78.54,78.54,high,low,8,namesilo,,,28/09/2026 12:54
4a06dc11-7419-4ab5-bd26-add79b93fbc8,ladies.clinic,available,20.99,64.99,high,low,6,namesilo,,,17/09/2026 00:29
35ffd7fe-b124-455d-a483-cdfb06b736a1,bastard.clinic,available,11.98,82.98,medium,low,7,namecheap,,,08/08/2026 23:19
34302012-d8a9-4b97-9a2a-9d7704164158,calvinist.clinic,available,11.98,82.98,medium,low,9,namecheap,,,11/08/2026 15:24
acb14080-0c62-44be-a94f-0fc12044d5ed,flowered.clinic,available,11.98,82.98,high,low,8,namecheap,,,18/08/2026 08:56
230f755b-75f8-408d-b3fd-88eecdd4639b,susurrous.clinic,available,11.98,82.98,medium,low,9,namecheap,,,03/09/2026 11:24
d0ac72d3-3156-4fdb-ad18-741975e44153,initially.clinic,available,10.55,51.95,medium,low,9,spaceship,,,28/09/2026 11:32
2511e0b9-6afc-4342-a1b9-7339ecdeae7e,totalizer.clinic,available,11.98,82.98,medium,low,9,namecheap,,,17/09/2026 06:58
5dfc6dba-297b-4a0c-9288-1250ed29e9a2,tapestry.clinic,available,20.99,64.99,high,low,8,namesilo,,,20/09/2026 08:48
23af6a80-4b41-4e53-89b4-50bdd7d5fcea,shortness.clinic,available,20.99,64.99,medium,low,9,namesilo,,,16/09/2026 17:27
a308436f-7c53-43d2-856b-fb158997abbc,rotate.clinic,available,11.98,82.98,high,low,6,namecheap,,,29/09/2026 02:43
2a2ad42b-e69e-45ce-b843-a41fe7d2e1cd,hornless.clinic,available,11.98,82.98,medium,low,8,namecheap,,,21/08/2026 14:06
68ed934b-1457-46fc-89fc-dab67e914007,compliment.clinic,available,20.99,64.99,high,low,10,namesilo,,,24/09/2026 16:50
4548072f-7ade-4274-8a5a-a4268fb14361,lambert.clinic,available,11.98,82.98,high,low,7,namecheap,,,28/09/2026 13:45
043e8113-b839-4abe-9a1f-e30152aea3d3,pittsburgh.clinic,premium,118.8,118.8,high,low,10,namesilo,,,
6e8a311d-cff4-48ad-afde-8b748554a754,telephonic.clinic,available,11.98,82.98,medium,low,10,namecheap,,,11/09/2026 10:20
c508094e-5fee-4530-9e50-a589ba22df9b,polar.clinic,available,11.98,82.98,high,low,5,namecheap,,,18/08/2026 21:06
df5e176d-43d0-4ed0-9718-21b29652a209,subfusc.clinic,available,11.98,82.98,medium,low,7,namecheap,,,10/09/2026 23:47
7396e5d3-af19-485f-9292-d22625df8bb8,sweetened.clinic,available,11.98,82.98,medium,low,9,namecheap,,,11/09/2026 01:18
30d6439a-af58-4c72-aaa1-87f96880b4b2,calf.clinic,available,19.99,,high,low,4,name.com,,,
446ef376-f9f7-4b65-8b61-5384c89ad50b,plated.clinic,available,20.99,64.99,high,low,6,namesilo,,,17/09/2026 05:15
5f174f66-f545-4c54-a0fe-e1bfec4eb2ec,barking.clinic,available,50.2,50.2,medium,low,7,cloudflare,,,28/09/2026 11:18
b495a2a0-5a22-4f03-98ad-fb2a0399d87f,chartered.clinic,available,11.98,82.98,high,low,9,namecheap,,,12/08/2026 02:47
a7e981bc-edd0-4783-86f0-5e82358374c0,laffer.clinic,available,20.99,64.99,medium,low,6,namesilo,,,20/09/2026 10:59
566c34c3-4098-4613-b503-916e3f69f4a4,ancylus.clinic,available,20.99,64.99,medium,low,7,namesilo,,,19/09/2026 03:54
ccb8d69e-d993-4083-b5af-51fd42ac0622,beat.clinic,available,11.98,82.98,high,low,4,namecheap,,,22/09/2026 18:37
62ee288b-d50e-4d34-87f8-4fe5fe4e9abe,routledge.clinic,available,20.99,64.99,high,low,9,namesilo,,,28/09/2026 16:54
4c84f693-bd31-4de6-88a7-235434731d14,reynolds.clinic,available,20.99,64.99,high,low,8,namesilo,,,25/09/2026 10:19
69872dc8-8e7f-43b0-9972-ecf90c5fa7a0,merited.clinic,available,11.98,82.98,medium,low,7,namecheap,,,14/08/2026 03:22
643161f1-af03-490c-960b-7fd8511cc61e,reliability.clinic,available,20.99,64.99,high,low,11,namesilo,,,28/09/2026 04:00
a80c7f5d-0c88-432e-80bb-951934590d58,bulldog.clinic,available,11.98,82.98,high,low,7,namecheap,,,24/09/2026 11:08
35722670-6248-4102-89c2-c849c6308cd5,slurred.clinic,available,11.98,82.98,medium,low,7,namecheap,,,10/09/2026 11:42
8d41c027-dae1-4ebb-ad5f-ce8d2a4e036d,reported.clinic,available,10.55,51.95,high,low,8,spaceship,,,27/09/2026 11:56
d46ac3b9-2cbc-48ad-9428-44fc86db5548,irascible.clinic,available,11.98,82.98,medium,low,9,namecheap,,,21/08/2026 14:18
55f4ee67-f793-411e-b3eb-589ec0544610,vaporous.clinic,available,11.98,82.98,medium,low,8,namecheap,,,12/08/2026 14:34
b0add6f7-8209-41a9-8797-d4ca30d8c3d8,augmented.clinic,available,20.99,64.99,high,low,9,namesilo,,,22/09/2026 12:42
3826e610-d245-4498-8ba6-f96d1325cd89,mistakes.clinic,available,20.99,64.99,medium,low,8,namesilo,,,16/09/2026 10:20
48e9ce49-70c8-4f04-86d5-98f5d4857335,spite.clinic,available,20.99,64.99,high,low,5,namesilo,,,23/09/2026 22:22
25256c84-91db-4811-9355-9348e21fdcd8,jutting.clinic,available,11.98,82.98,medium,low,7,namecheap,,,22/08/2026 14:44
bce6d012-de09-4069-a9f7-35ca442b064f,visionary.clinic,available,11.98,82.98,high,low,9,namecheap,,,13/09/2026 06:13
b8000df9-c4ed-4802-b0e7-f10bfe06cf29,scoring.clinic,available,50.2,50.2,high,low,7,cloudflare,,,29/09/2026 02:05
cdf48401-8062-4f06-b76e-da056986bb13,ucla.clinic,available,11.98,82.98,high,low,4,namecheap,,,25/09/2026 15:03
56810eea-84e3-49a1-a8cc-0694e0d0cd5f,specimen.clinic,available,10.55,51.95,high,low,8,spaceship,,,28/09/2026 03:06
dab5559e-afd8-474e-9cad-f88bfd77b52c,recessed.clinic,available,11.98,82.98,medium,low,8,namecheap,,,13/08/2026 22:57
d4a38691-bc63-4442-ad98-2477d33abe07,pamela.clinic,available,19.99,,high,low,6,name.com,,,
30f37641-0b30-49cc-835e-c50209153ac4,prince.clinic,available,19.99,,high,low,6,name.com,,,
9e2deca2-07f1-430c-95a1-c1c83eb278af,abyssinian.clinic,available,11.98,82.98,high,low,10,namecheap,,,16/09/2026 19:54
048ed580-6c2d-4839-9748-2534ba0e7def,bloom.clinic,resell,,,high,medium,5,"Sav.com, LLC - 33",27/11/2025 15:15,27/11/2026 15:15,26/09/2026 04:29
cb13a2da-5080-4744-9b30-0b462019db0f,integrate.clinic,available,20.99,64.99,high,low,9,namesilo,,,28/09/2026 06:58
6e9a136f-b460-482b-b39f-3fd9ed675074,unsinkable.clinic,available,11.98,82.98,medium,low,10,namecheap,,,12/09/2026 19:58
f2396e8b-2f71-4f81-9aa7-eb13a16f202c,ludicrous.clinic,available,11.98,82.98,medium,low,9,namecheap,,,14/08/2026 02:58
82d42ad7-9e99-4946-b4c8-8fdebd3b4b8a,ytterbium.clinic,available,11.98,82.98,medium,low,9,namecheap,,,20/09/2026 23:38
4761306a-44a2-460f-8b0b-a53f51c8e95c,stemless.clinic,available,11.98,82.98,medium,low,8,namecheap,,,
a5ce1f17-4e77-440b-9fa1-c2fcabac0e2c,blastoff.clinic,available,20.99,64.99,high,low,8,namesilo,,,24/09/2026 04:43
2669c82e-1606-45b9-89d7-92779141659f,disappear.clinic,available,20.99,64.99,high,low,9,namesilo,,,27/09/2026 05:58
f1e0f83f-4236-4af4-b154-46e44e560a0d,abrocome.clinic,available,20.99,64.99,medium,low,8,namesilo,,,16/09/2026 17:14
f07a4eb8-b25c-4368-992f-a8bd679cbc3f,wonders.clinic,available,11.98,82.98,high,low,7,namecheap,,,18/09/2026 02:01
ac20a137-9827-4649-bf8b-cdd8cb5d8362,adust.clinic,available,11.98,82.98,medium,low,5,namecheap,,,
0327a42a-921b-4e7c-bb52-ea513825083e,fix.clinic,premium,512,512,high,low,3,namesilo,,,27/09/2026 10:10
b8dc0203-f0de-4da9-8dd3-8a2d6ab1212f,archangel.clinic,available,20.99,64.99,high,low,9,namesilo,,,19/09/2026 05:59
2be7dcfe-5412-47a0-9fd4-693c05077184,stab.clinic,available,20.99,64.99,high,low,4,namesilo,,,28/09/2026 02:12
8508a87b-4cf7-4e02-8049-5046e4a08835,wandered.clinic,available,20.99,64.99,medium,low,8,namesilo,,,18/09/2026 02:36
6d3e3213-7ee8-401f-9ded-f3bfc2b26498,scaley.clinic,available,11.98,82.98,medium,low,6,namecheap,,,09/09/2026 22:18
30db9f12-2452-4791-85c2-3bb3c7c05715,prim.clinic,available,19.99,84.99,high,low,4,name.com,,,13/08/2026 15:46
3fe4b42b-55dc-4fd1-8dad-5904ac06bd65,latterly.clinic,available,11.98,82.98,medium,low,8,namecheap,,,15/09/2026 10:54
6bad8df6-5e9a-4fb0-814c-8eee04086349,sedgy.clinic,available,11.98,82.98,medium,low,5,namecheap,,,10/09/2026 01:38
3d1da800-bb0d-4963-96b2-8becef318b4b,akko.clinic,available,20.99,64.99,medium,low,4,namesilo,,,16/09/2026 22:23
569d1ce6-01fd-4f61-b00e-5a43905a9572,score.clinic,available,20.99,64.99,high,low,5,namesilo,,,27/09/2026 18:29
7b30bb0d-7c5a-4b7c-90cc-aa051c052b3c,lugosi.clinic,available,20.99,64.99,medium,low,6,namesilo,,,23/09/2026 04:23
c338e8af-aeeb-4783-9cb5-748b4ec1ff02,inclined.clinic,available,10.55,51.95,medium,low,8,spaceship,,,28/09/2026 21:12
b0bb663b-0770-4d93-8aa4-5369f274b1a2,langer.clinic,available,20.99,64.99,medium,low,6,namesilo,,,29/09/2026 02:56
7a5027e2-8c93-4782-b522-69cc9a0b7b65,rolls.clinic,available,20.99,64.99,high,low,5,namesilo,,,27/09/2026 07:45
5e772809-6e19-47d1-a455-845ba4f82704,corpses.clinic,available,10.55,51.95,low,low,7,spaceship,,,28/09/2026 23:15
a17cb138-7d5f-492f-bd64-d683e88a4bcc,abdomen.clinic,available,20.99,64.99,high,low,7,namesilo,,,16/09/2026 14:45
deb5d6d5-832e-491b-982a-454b692b2af8,fool.clinic,available,11.98,82.98,medium,low,4,namecheap,,,12/08/2026 15:15
56f9788c-c1c0-4193-ae91-8d7e6284555a,sourly.clinic,available,20.99,64.99,low,low,6,namesilo,,,16/09/2026 05:40
5ef2d616-e6a4-4347-8d63-388722409d80,disgraced.clinic,available,11.98,82.98,medium,low,9,namecheap,,,14/08/2026 10:21
b204b700-5005-4631-9c5c-bc31761469ad,luxuriant.clinic,available,11.98,82.98,high,low,9,namecheap,,,15/08/2026 22:14
c748e963-a32e-433a-9f7d-73db7d90503d,agdistis.clinic,available,19.99,84.99,medium,low,8,name.com,,,17/09/2026 16:43
015003e3-6543-4f57-bb27-f9860ab24b58,lucania.clinic,available,20.99,64.99,medium,low,7,namesilo,,,22/09/2026 10:51
aedcdb10-882d-4f4a-a802-68fd881ea6d0,unheralded.clinic,available,11.98,82.98,medium,low,10,namecheap,,,12/09/2026 00:42
cef2b590-75dd-4776-9c58-b40894fa7898,cityfied.clinic,available,11.98,82.98,medium,low,8,namecheap,,,12/08/2026 08:49
321f00d0-981e-40d1-a472-a86ad49383c6,touring.clinic,available,19.99,,high,low,7,name.com,,,
64382168-53a8-4b8d-92c6-ba2f4cdfac60,cozily.clinic,available,11.98,82.98,medium,low,6,namecheap,,,14/09/2026 08:48
fff66d0c-4709-48e0-a377-5a0de415c066,vaccinated.clinic,available,11.98,82.98,high,low,10,namecheap,,,21/08/2026 21:34
5d54e57a-7db9-4ce0-b776-72381d863793,laziness.clinic,available,50.2,50.2,medium,low,8,cloudflare,,,28/09/2026 17:35
3bff98bc-5b1c-457e-b68c-ec644636d22e,measuring.clinic,available,19.99,,high,low,9,name.com,,,
c08ab1de-99d5-4f04-8ba7-f3d5d5e569a4,technique.clinic,available,10.55,51.95,high,low,9,spaceship,,,28/09/2026 08:09
e21fbd30-1a4c-4ab7-a0b7-a817f4a5ca0c,airborne.clinic,available,11.98,82.98,high,low,8,namecheap,,,
1205da0d-8a65-4bac-9cfe-48c65c91a8b7,unpleasant.clinic,available,11.98,82.98,medium,low,10,namecheap,,,12/09/2026 16:58
f50c25fe-e738-49b0-bcfb-4e57a2d977d7,bankers.clinic,available,11.98,82.98,medium,low,7,namecheap,,,20/09/2026 11:37
a1119d10-8c12-44cc-8394-9b6d0bcd3e44,comics.clinic,available,19.99,,high,low,6,name.com,,,
f073261e-cde7-4373-973f-070513dcbfce,uninvited.clinic,available,11.98,82.98,medium,low,9,namecheap,,,12/09/2026 13:33
12586ab1-be99-4b83-a301-92b0ebbe84e4,milliliter.clinic,available,11.98,82.98,medium,low,10,namecheap,,,11/08/2026 22:53
48c47de9-db82-41c2-84b1-967049ce8515,fogbound.clinic,available,11.98,82.98,medium,low,8,namecheap,,,18/08/2026 09:49
f65d8d0e-6a96-479b-a88e-abf62ecbc66f,stingy.clinic,available,11.98,82.98,medium,low,6,namecheap,,,24/08/2026 18:08
77fede83-77d0-4664-9255-1cd833e9719e,wolfe.clinic,available,20.99,64.99,high,low,5,namesilo,,,25/09/2026 10:55
ce979372-da11-42eb-879d-8d9d07f9081d,centrist.clinic,available,11.98,82.98,medium,low,8,namecheap,,,12/08/2026 00:14
f3f69c4e-c266-45b4-b536-ccfc5117289c,recruited.clinic,available,20.99,64.99,medium,low,9,namesilo,,,18/09/2026 00:53
7fdecb23-8792-4db0-9d8c-b0dae245d0d0,downstage.clinic,available,11.98,82.98,high,low,9,namecheap,,,14/08/2026 17:53
cc7a0d91-c9ee-4106-a702-f5cac2f43871,pushchair.clinic,available,20.99,64.99,high,low,9,namesilo,,,21/09/2026 13:21
bdaecbf0-030b-4f45-ba42-181eb19fcdf3,expedient.clinic,available,11.98,82.98,high,low,9,namecheap,,,17/08/2026 18:06
90ba46b8-2621-4b1b-93c2-6037c3cd98ac,demented.clinic,available,11.98,82.98,medium,low,8,namecheap,,,11/08/2026 01:46
76c93db7-c51c-4db5-a1bc-40913418f960,mcnamara.clinic,available,20.99,64.99,medium,low,8,namesilo,,,27/09/2026 08:09
9b4af36c-1adb-4e3c-b74d-b38855093e39,boundary.clinic,available,11.98,82.98,high,low,8,namecheap,,,23/09/2026 01:32
d03653f9-318d-4726-8d74-ac3abd294a50,heroically.clinic,available,11.98,82.98,high,low,10,namecheap,,,15/09/2026 00:39
61b1a435-d93b-409f-a939-80f29df5e90a,foreboding.clinic,available,11.98,82.98,medium,low,10,namecheap,,,18/08/2026 11:32
95e691b5-c826-4985-9574-c11449688dba,alidad.clinic,available,19.99,84.99,medium,low,6,name.com,,,18/09/2026 07:31
463ae693-a83f-49d4-9e84-39322e5c2967,bangles.clinic,available,11.98,82.98,medium,low,7,namecheap,,,20/09/2026 19:22
1792f50f-e2dd-4cf8-9935-63ea0c54cd5b,potpourri.clinic,available,11.98,82.98,medium,low,9,namecheap,,,25/08/2026 08:24
1844bb84-29de-4894-a375-6a606eb3c4e6,brisken.clinic,available,11.98,82.98,medium,low,7,namecheap,,,11/08/2026 04:39
8d294ded-3a3a-44e6-addc-e5535f878c8b,opening.clinic,available,11.98,82.98,high,low,7,namecheap,,,04/09/2026 16:15
af85cab3-1e07-41d5-ab4b-524139dc96a0,eminent.clinic,available,11.98,82.98,high,low,7,namecheap,,,16/08/2026 15:06
10ceab00-6827-474a-bf00-d3a15e9ba11d,basketful.clinic,available,11.98,82.98,medium,low,9,namecheap,,,22/09/2026 11:27
34e3aa4d-0a51-465a-9de6-34e22e6603c2,falling.clinic,available,11.98,82.98,high,low,7,namecheap,,,14/08/2026 19:49
d95f411c-2ffe-4bff-98fb-ffe063f5dc36,unwelcome.clinic,available,11.98,82.98,medium,low,9,namecheap,,,12/09/2026 22:38
b381989a-231e-4b89-9098-2edfbd7728a2,freakish.clinic,available,11.98,82.98,high,low,8,namecheap,,,10/08/2026 09:56
c5110523-4f18-4ee8-90b0-7b17c5119d51,beating.clinic,available,20.99,64.99,high,low,7,namesilo,,,28/09/2026 10:26
b03208fd-73e4-4106-819a-0bc5378b6643,uprightly.clinic,available,11.98,82.98,medium,low,9,namecheap,,,15/09/2026 01:06
80730482-49ee-4b80-bf53-1150422f5ffd,advection.clinic,available,20.99,64.99,medium,low,9,namesilo,,,17/09/2026 10:31
3cf259e2-08fd-4e17-b5cc-355ef1255a6b,revery.clinic,available,20.99,64.99,high,low,6,namesilo,,,17/09/2026 21:59
d9ab557b-e815-4d9f-b5ba-fdc3ca62e06c,stewart.clinic,available,19.99,,high,low,7,name.com,,,
ca923602-d089-4470-b023-2bc20ad21654,earned.clinic,available,11.98,82.98,high,low,6,namecheap,,,24/09/2026 12:59
938402d9-af8f-411d-bbc1-3087fc0f8bd6,cheat.clinic,available,11.98,82.98,high,low,5,namecheap,,,12/08/2026 03:31
e9e1ac12-a9f7-46e6-a9e8-761b9f274395,willingness.clinic,available,19.99,,high,low,11,name.com,,,
255fbb95-f687-4cc7-baa2-6c9abf4bc814,aphasia.clinic,available,11.98,82.98,medium,low,7,namecheap,,,19/09/2026 16:53
986caa73-bebf-4a51-b6c3-89f37cfc4c6a,songwriter.clinic,available,20.99,64.99,high,low,10,namesilo,,,21/09/2026 22:37
931c5f3d-5047-4fa0-8e93-ea96341973fc,praising.clinic,available,11.98,82.98,high,low,8,namecheap,,,22/08/2026 20:53
b1d93bbb-158d-4220-87e9-e523d6d77432,bather.clinic,available,20.99,64.99,medium,low,6,namesilo,,,22/09/2026 13:31
cc12464f-db03-4ccd-842b-3a6b28d6a128,federalist.clinic,available,10.55,51.95,medium,low,10,spaceship,,,28/09/2026 19:11
da1fc827-8bfb-40c3-8b83-5b2977129d7a,godlike.clinic,available,11.98,82.98,high,low,7,namecheap,,,20/08/2026 16:06
4b2feac3-3dd0-4537-b496-853930786c6b,lever.clinic,available,10.55,51.95,high,low,5,spaceship,,,28/09/2026 14:32
e3986cb7-689f-430c-b05e-876dd97b2be7,alyssum.clinic,available,20.99,64.99,medium,low,7,namesilo,,,18/09/2026 15:23
39d7aaf4-22af-4211-8475-3473de4d7f81,witness.clinic,available,20.99,64.99,high,low,7,namesilo,,,21/09/2026 01:35
8e6d0598-f9cd-43dd-abe0-5521aee3bfca,stuffer.clinic,available,20.99,64.99,medium,low,7,namesilo,,,19/09/2026 08:48
89d1f1dd-4f15-4033-8470-a6af85783595,goosy.clinic,available,11.98,82.98,medium,low,5,namecheap,,,14/08/2026 16:07
b76e3354-bda4-483c-a6ad-90336b226421,restored.clinic,available,20.99,64.99,high,low,8,namesilo,,,28/09/2026 11:28
23dd9924-5a48-4f97-b50c-152ea5661171,batis.clinic,available,11.98,82.98,medium,low,5,namecheap,,,22/09/2026 14:03
725ee2ee-2d75-4023-bd33-cc2d7b2ab141,anklet.clinic,available,11.98,82.98,high,low,6,namecheap,,,19/09/2026 09:41
564d5362-8b5c-40c7-b958-8297b37b9ecf,biped.clinic,available,11.98,82.98,high,low,5,namecheap,,,10/08/2026 05:14
a531a0d8-ae84-4f63-9d4b-322494db1fe5,deny.clinic,available,20.99,64.99,high,low,4,namesilo,,,25/09/2026 11:07
93b3096b-06a8-4cda-9c97-5d6ea109ae25,schumacher.clinic,available,10.92,53.72,high,low,10,dynadot,,,27/09/2026 19:51
d742a955-bdb9-448d-96f1-feba0a4317cb,promised.clinic,available,20.99,64.99,high,low,8,namesilo,,,17/09/2026 11:24
cfc1d770-d99c-4e43-a084-26bcb7102a0a,assurgent.clinic,available,11.98,82.98,medium,low,9,namecheap,,,07/08/2026 08:26
6a52989f-a79e-4043-81d9-48dd9adf9da5,sometime.clinic,available,11.98,82.98,high,low,8,namecheap,,,10/09/2026 14:04
a0350265-4253-4eb6-8d41-ae53dfeccd0a,choir.clinic,available,19.99,,high,low,5,name.com,,,
3a6d67ed-fd12-4583-bce9-b16f48ca7863,xcvi.clinic,available,11.98,82.98,medium,low,4,namecheap,,,
6c81a4f8-0f5b-44c6-a19d-0f650bce6588,willing.clinic,available,11.98,82.98,high,low,7,namecheap,,,12/09/2026 05:42
feb30263-b2e7-4d35-83af-a108d3390067,streamer.clinic,available,11.98,82.98,high,low,8,namecheap,,,08/08/2026 13:57
90969c0d-b84b-404e-be73-380e666eacf8,railway.clinic,available,10.55,51.95,high,low,7,spaceship,,,28/09/2026 20:14
d162830b-4862-42e4-b594-37ba39334780,augusta.clinic,premium,85.8,85.8,high,low,7,namecheap,,,21/09/2026 03:54
857cdb52-4e24-4c3e-a66e-e767ae6d52a3,kentucky.clinic,premium,242,242,high,low,8,namesilo,,,28/09/2026 05:17
39b7acff-bd1d-4f0e-a133-1bd0d67daf7d,sectioned.clinic,available,11.98,82.98,medium,low,9,namecheap,,,10/09/2026 01:20
5d40f20a-6aab-42ce-b351-b1b18af6fc5a,cloudburst.clinic,available,20.99,64.99,medium,low,10,namesilo,,,24/09/2026 16:03
6d5edd3b-390b-4efa-9850-c06bb01b2b7f,azure.clinic,available,,,high,high,5,,,,
7705cb4b-a019-4daa-887e-1934fb4e9a7f,chris.clinic,available,20.99,64.99,high,medium,5,namesilo,,,25/09/2026 17:18
dbd81ad7-7793-4730-8da1-5fc4cb636339,barbecue.clinic,available,20.99,64.99,high,low,8,namesilo,,,29/09/2026 01:06
e7fd80ba-3be5-4c67-b813-8e093a7f3a14,cockamamy.clinic,available,11.98,82.98,low,low,9,namecheap,,,12/08/2026 14:49
7bd2b672-b73e-4a9b-a035-3201c472b168,sending.clinic,available,20.99,64.99,high,low,7,namesilo,,,25/09/2026 10:37
45450a41-2965-4f4a-8977-224b6b569fba,unvalued.clinic,available,11.98,82.98,medium,low,8,namecheap,,,12/09/2026 22:02
7fc227b0-3bc6-40de-bfe9-90f9166accfe,catharsis.clinic,available,20.99,64.99,high,low,9,namesilo,,,16/09/2026 17:03
9e4b3864-81c3-4b5d-950b-b231bce0f8a0,sapphic.clinic,available,11.98,82.98,medium,low,7,namecheap,,,23/08/2026 00:18
54a9d420-1bcb-44f6-bd64-5c7ff887a99f,fungible.clinic,available,11.98,82.98,medium,low,8,namecheap,,,18/08/2026 18:32
63a1b264-9b31-450d-8dd5-3f5291f9dc54,dead.clinic,available,20.99,64.99,high,low,4,namesilo,,,24/09/2026 04:40
8363efde-40b6-4a11-9ed0-8bf57a746a1b,wyeth.clinic,available,20.99,64.99,medium,low,5,namesilo,,,19/09/2026 04:48
2be9d764-7bc6-415c-8f91-37f6a31feb4f,spirant.clinic,available,11.98,82.98,medium,low,7,namecheap,,,12/08/2026 23:20
5974c91f-b82d-4577-b15c-c4e2b80ec8f2,kirkland.clinic,available,,,high,high,8,,,,
cf5236f4-1902-4c1e-a1ad-940b54883f44,prospering.clinic,available,11.98,82.98,medium,low,10,namecheap,,,10/08/2026 19:17
df8d15e3-2b3e-4293-a881-fb50a5f96686,basileus.clinic,available,11.98,82.98,medium,low,8,namecheap,,,22/09/2026 10:47
6f588937-25bb-4dbb-9a79-7cb3d390db58,mildness.clinic,available,11.98,82.98,high,low,8,namecheap,,,24/09/2026 15:30
c501be1a-6b79-4cf7-ac56-d69a8f224d01,nonplus.clinic,available,11.98,82.98,medium,low,7,namecheap,,,21/09/2026 17:34
62b46557-8cb0-41ed-939c-ceb9a93cb9f8,pretend.clinic,available,11.98,82.98,high,low,7,namecheap,,,25/09/2026 16:18
403cd4b1-2d75-4e0d-9e46-91fba8400663,bisque.clinic,available,20.99,64.99,high,low,6,namesilo,,,23/09/2026 22:05
18d1919a-ff0d-49a2-8abe-bd934bd0d4c3,herzog.clinic,available,10.55,51.95,high,low,6,spaceship,,,28/09/2026 16:13
92f34950-530e-4e2a-972a-05ee922b37be,birdfeeder.clinic,available,11.98,82.98,medium,low,10,namecheap,,,23/09/2026 19:53
1e092dbb-194c-419c-a920-07ea5fff6fdf,cockcrow.clinic,available,11.98,82.98,medium,low,8,namecheap,,,11/09/2026 02:11
060c370f-76ad-48e1-b3e0-8ec06037e0f8,unfamiliar.clinic,available,11.98,82.98,high,low,10,namecheap,,,12/09/2026 09:55
ce8a8812-51d6-4611-976e-523254b5f8a9,humid.clinic,available,11.98,82.98,high,low,5,namecheap,,,21/08/2026 15:17
d0783535-9c98-4a6c-9196-dee49b81ecfe,considerable.clinic,available,20.99,64.99,high,low,12,namesilo,,,28/09/2026 07:04
cbf3e432-80e8-4fd2-ba0e-03ed291c79f0,beaner.clinic,available,11.98,82.98,medium,low,6,namecheap,,,22/09/2026 20:26
b63fe44a-b481-4a06-954d-fcc81e1797f9,descending.clinic,available,10.92,53.72,medium,low,10,dynadot,,,28/09/2026 21:15
c1575f87-1d8d-4162-9f8d-11a6315b7abb,fixing.clinic,available,20.99,64.99,high,low,6,namesilo,,,18/09/2026 14:47
ffacc418-fbfb-4c19-83e9-26f26b76495a,courier.clinic,available,10.92,53.72,medium,low,7,dynadot,,,28/09/2026 18:49
c076b770-58dc-4a75-ab0e-9cc2c8f6beca,takeout.clinic,available,11.98,82.98,high,low,8,namecheap,,,19/09/2026 06:56
c014a0b9-9368-4691-afe3-ded59cb5dc62,sonora.clinic,available,20.99,64.99,high,low,6,namesilo,,,27/09/2026 04:12
d21215e8-b883-4ec1-af07-2a10783f3f3c,interrogation.clinic,available,10.55,51.95,medium,low,13,spaceship,,,28/09/2026 08:22
7849fe02-5f39-423a-9124-75873a8dac9b,chivalrous.clinic,available,11.98,82.98,high,low,10,namecheap,,,12/08/2026 06:14
36672684-77b0-4df9-95b2-feb5ba4b1606,spellbound.clinic,available,11.98,82.98,high,low,10,namecheap,,,17/08/2026 22:54
60076c48-ecf9-49ce-8d11-95d72bdecca1,rangy.clinic,available,11.98,82.98,medium,low,5,namecheap,,,18/08/2026 20:13
dc9a1713-6d0b-48b6-8069-8ba52f97cc5a,baldr.clinic,available,11.98,82.98,medium,low,5,namecheap,,,21/09/2026 21:35
cfa0a724-21d5-4802-82a5-e46dabdf3048,lemon.clinic,available,19.99,,high,medium,5,name.com,,,
98ecff9b-02ee-422f-8b2e-a0385f7facf4,hangout.clinic,available,19.99,,high,low,8,name.com,,,
90eac22c-aec2-4036-a55d-d4fa1bdafa2a,dishcloth.clinic,available,20.99,64.99,medium,low,9,namesilo,,,24/09/2026 22:40
87234f32-067c-4343-8ee1-c29b88ea16fa,bezel.clinic,available,19.99,84.99,medium,low,5,name.com,,,23/09/2026 12:19
d0c61154-7f09-4c92-b130-0800a2d66c94,gaol.clinic,available,11.98,82.98,medium,low,4,namecheap,,,08/09/2026 22:46
6032ff48-ee42-4f00-997a-b14de65be246,crawling.clinic,available,10.81,52.01,medium,low,8,porkbun,,,28/09/2026 05:30
9b7fa692-03d0-4a81-b9e0-b1f99f06b55d,simpler.clinic,available,19.99,,high,low,7,name.com,,,
c7bbcdc9-420c-4424-a0f4-1cce684fa081,calm.clinic,resell,,,high,low,4,"Sav.com, LLC - 13",22/04/2025 15:15,22/04/2027 15:15,26/09/2026 04:43
b3e331b3-bbca-41a3-982f-e55702ea814f,attentive.clinic,available,20.99,64.99,high,low,9,namesilo,,,22/09/2026 11:22
34fbd3f3-cd1c-4ca1-af2b-04cdc2b11215,uranium.clinic,available,11.98,82.98,high,low,7,namecheap,,,21/09/2026 00:11
c27d7b0a-07df-4570-9413-f90b9b199df3,doggo.clinic,available,11.98,82.98,high,low,5,namecheap,,,14/09/2026 13:35
8069f594-00c8-46bb-83cd-1e371bf59c6a,wendy.clinic,available,20.99,64.99,high,low,5,namesilo,,,25/09/2026 12:39
1481c06f-071b-443e-bb28-dba2b10487e5,tunguska.clinic,available,20.99,64.99,medium,low,8,namesilo,,,19/09/2026 05:45
6e82c06c-db9b-4f11-bac9-05a552b39711,christmas.clinic,premium,128.7,128.7,high,low,9,namecheap,,,24/09/2026 20:50
ec82e160-27df-424c-9f10-58d510efa3b7,irwin.clinic,available,11.98,82.98,medium,low,5,namecheap,,,25/09/2026 20:02
94d5701c-c523-4841-86f4-626680e81f31,pittsburg.clinic,available,10.55,51.95,medium,low,9,spaceship,,,28/09/2026 16:44
23d93766-fcbc-4979-b582-c46248bbd248,fifty.clinic,available,11.98,82.98,high,low,5,namecheap,,,
e1b0f9cb-901b-408c-b9ba-fa3d8d80f171,binaural.clinic,available,11.98,82.98,medium,low,8,namecheap,,,09/08/2026 18:40
0b4097c6-57ab-417b-bac3-7593af3324af,estes.clinic,available,10.92,53.72,medium,low,5,dynadot,,,28/09/2026 22:16
25fe62bd-67b3-4a77-9cad-2a67de1c860c,pyrenees.clinic,available,19.99,,high,low,8,name.com,,,
306678cc-7794-40ef-8256-8311edf1d637,adequacy.clinic,available,11.98,82.98,high,low,8,namecheap,,,17/09/2026 07:43
9ffc56cc-c486-4366-879e-74104030fb30,pea.clinic,premium,68.51,68.51,medium,low,3,spaceship,,,28/09/2026 15:03
d8e24afd-5841-4020-9373-2a74df2d2b3c,corbin.clinic,available,20.99,64.99,medium,low,6,namesilo,,,28/09/2026 07:42
d304a2ca-b1f9-4b11-86fd-7fefd9bfbe85,barnburner.clinic,available,20.99,64.99,medium,low,10,namesilo,,,22/09/2026 06:49
9b940d8c-bcd4-49d3-8014-c22e14af0724,adversary.clinic,available,11.98,82.98,medium,low,9,namecheap,,,17/09/2026 10:44
77dac577-4cfd-46d5-a1f4-9f3b6939e936,capone.clinic,available,10.92,53.72,medium,low,6,dynadot,,,28/09/2026 19:49
6ce9f2f5-be6c-410c-a6d0-450b4cbe7142,unplanned.clinic,available,11.98,82.98,medium,low,9,namecheap,,,12/09/2026 16:51
039a5703-7a8e-48cc-88a1-e1f5a4effc5c,needless.clinic,available,11.98,82.98,medium,low,8,namecheap,,,03/09/2026 14:55
d224905f-4b2b-4e5a-80db-2894850dc94a,markets.clinic,premium,128.7,128.7,high,low,7,namecheap,,,28/09/2026 04:32
b6987b75-7e14-464a-90b7-bbacb2c2a913,blacksnake.clinic,available,11.98,82.98,medium,low,10,namecheap,,,24/09/2026 01:28
2f242cec-97d6-44f7-85ff-e2fa22d0da31,fight.clinic,available,11.98,82.98,high,low,5,namecheap,,,24/09/2026 17:58
0eaa7da2-c09e-406c-9b34-1185f19a7c4d,shot.clinic,premium,128.7,128.7,high,low,4,namecheap,,,23/09/2026 13:53
d7d17fc6-c575-4d16-897c-3597eebbf2e1,improve.clinic,available,19.99,,high,low,7,name.com,,,
994d6d24-4825-4806-99c2-a7ec419dcdfd,appearances.clinic,available,50.2,50.2,low,low,11,cloudflare,,,28/09/2026 23:35
6acea8e5-ad21-4b61-a3e7-e00d12eaae50,heavyweight.clinic,available,20.99,64.99,high,low,11,namesilo,,,29/09/2026 03:05
607b9107-006f-46ee-b934-37de082d5f57,frothing.clinic,available,11.98,82.98,medium,low,8,namecheap,,,18/08/2026 09:42
8bb71e6b-f989-486e-b8c3-2bb2e61dc7c2,adored.clinic,available,11.98,82.98,high,low,6,namecheap,,,21/09/2026 19:35
ff2dcf0a-bd1b-43ee-a3a8-ab201d291510,silkily.clinic,available,11.98,82.98,medium,low,7,namecheap,,,16/09/2026 01:51
1a83ee18-e9a4-4782-94df-bacc9b40f254,mccarthy.clinic,available,20.99,64.99,high,low,8,namesilo,,,25/09/2026 08:04
0e4689b2-c3dd-4c4e-bfaa-dd880a1bb590,amorphous.clinic,available,11.98,82.98,medium,low,9,namecheap,,,
22602c85-ab16-491a-89c8-a4d5252f605e,wilmington.clinic,available,11.98,82.98,high,low,10,namecheap,,,25/09/2026 11:01
d03f8465-01ab-4ef6-b0a7-3efe84167393,protozoan.clinic,available,11.98,82.98,medium,low,9,namecheap,,,09/09/2026 04:12
ddea6ec9-3fc5-445a-90c5-1482043315b9,orally.clinic,available,11.98,82.98,medium,low,6,namecheap,,,15/09/2026 18:11
827b4bd3-6784-494d-83e3-d404d862751f,mosquitoes.clinic,available,20.99,64.99,low,low,10,namesilo,,,18/09/2026 14:22
618b4fe5-8d3d-41e3-b5cf-8c55580bc165,emporium.clinic,available,50.2,50.2,high,low,8,cloudflare,,,29/09/2026 02:36